time,S,I,R
0,0.999999,1e-6,0
0.05,0.9999989264067789,1.0662137458246294e-6,7.379475317743006e-9
0.1,0.9999988479408413,1.136811601566666e-6,1.5247557262262113e-8
0.15000000000000002,0.9999987642794761,1.2120839184966598e-6,2.3636605413208362e-8
0.2,0.9999986750786042,1.2923402737830184e-6,3.258112208440981e-8
0.25,0.9999985799714366,1.3779106766874798e-6,4.211788675661634e-8
0.30000000000000004,0.9999984785668987,1.4691469871598727e-6,5.228611418245688e-8
0.35000000000000003,0.9999983704480216,1.5664243628111958e-6,6.312761565463193e-8
0.4,0.9999982551702278,1.6701428014285758e-6,7.46869709227513e-8
0.45,0.999998132259503,1.7807287856822053e-6,8.701171150004551e-8
0.5,0.9999980012104474,1.898637036727692e-6,1.0015251610713298e-7
0.55,0.9999978614841971,2.0243523839127845e-6,1.1416341905637952e-7
0.6000000000000001,0.9999977125062094,2.1583917582751336e-6,1.2910203243363963e-7
0.65,0.9999975536638991,2.30130631802652e-6,1.4502978299088564e-7
0.7000000000000001,0.9999973843041206,2.4536837147614326e-06,1.6201216472370754e-7
0.75,0.9999972037304822,2.6161505097062793e-6,1.8011900817214656e-7
0.8,0.9999970112004825,2.789374749942144e-6,1.9942476755207427e-7
0.8500000000000001,0.9999968059224579,2.9740687151914554e-6,2.2000882689762652e-7
0.9,0.9999965870523271,3.170991846459883e-6,2.419558264733532e-7
0.9500000000000001,0.9999963536901206,3.3809538685720753e-6,2.6535601079806605e-7
1,0.999996104876281,3.6048181194366264e-6,2.903055997112037e-7
1.05,0.9999958395877164,3.843505099725124e-6,3.1690718400725224e-7
1.1,0.9999955567335954,4.097996257555762e-6,3.452701472647405e-7
1.1500000000000001,0.9999952551508609,4.369338023737568e-6,3.7551111560400117e-7
1.2000000000000002,0.9999949335994489,4.658646114160719e-6,4.077544372226793e-7
1.25,0.9999945907571897,4.967110117015888e-6,4.421326936803602e-7
1.3,0.9999942252143715,5.295998383695634e-6,4.787872450341763e-7
1.35,0.9999938354679457,5.646663243478288e-6,5.17868811066372e-7
1.4000000000000001,0.999993419915346,6.020546563424697e-6,5.595380909931377e-7
1.4500000000000002,0.9999929768478997,6.419185676335976e-6,6.039664242021577e-7
1.5,0.9999925044438044,6.844219701132016e-6,6.513364947349238e-7
1.55,0.9999920007606362,7.297396281621909e-6,7.018430824096221e-7
1.6,0.9999914637273652,7.780578771355381e-6,7.556938636720412e-7
1.6500000000000001,0.9999908911358407,8.295753894075852e-6,8.13110265466287e-7
1.7000000000000002,0.9999902806317134,8.845039911248139e-6,8.743283756349109e-7
1.75,0.9999896297047565,9.430695330215282e-6,9.395999135903157e-7
1.8,0.9999889356785464,1.0055128188757963e-5,1.0091932652469036e-6
1.85,0.9999881956994596,1.0720905954195295e-5,1.0833945864674001e-6
1.9000000000000001,0.9999874067249431,1.143076607768758e-5,1.1625089795582336e-6
1.9500000000000002,0.9999865655110056,1.218762724708964e-5,1.2468617476488729e-6
2,0.9999856685988837,1.299460138456882e-5,1.3367997321099056e-6
2.0500000000000003,0.9999847123008238,1.3855006438256487e-5,1.4326927385056554e-6
2.1,0.999983692684923,1.4772380020457856e-5,1.5349350569406845e-6
2.15,0.999982605558969,1.575049394841603e-5,1.6439470830471245e-6
2.2,0.999981446453207,1.6793369747325676e-5,1.7601770462729414e-6
2.25,0.9999802106019687,1.7905295179235593e-5,1.8841028525717534e-6
2.3000000000000003,0.9999788929240858,1.9090841865683067e-5,2.0162340490644067e-6
2.35,0.9999774880020054,2.0354884076382907e-5,2.1571139187430808e-6
2.4000000000000004,0.9999759900595258,2.1702618761070372e-5,2.307321713822412e-6
2.45,0.999974392938057,2.3139586906686262e-5,2.46747503691095e-6
2.5,0.9999726900713133,2.4671696307518292e-5,2.6382323797827764e-6
2.5500000000000003,0.9999708744583288,2.630524584169381e-5,2.8202958301755254e-6
2.6,0.9999689386346894,2.8046951353581392e-5,3.014413957730213e-6
2.6500000000000004,0.9999668746418615,2.990397324822585e-5,3.2213848909228757e-6
2.7,0.9999646739944921,3.1883945910938925e-5,3.442059597621004e-6
2.75,0.9999623276455453,3.39950090726266e-5,3.677345382732508e-6
2.8000000000000003,0.999959825949134,3.62458412493804e-5,3.928209617304562e-6
2.85,0.999957158620893,3.864569539332882e-5,4.195683714378015e-6
2.9000000000000004,0.999954314695732,4.120443690076838e-5,4.480867367913886e-6
2.95,0.9999512824827953,4.3932584133207765e-5,4.784933072185719e-6
3,0.9999480495174434,4.684135161718711e-5,5.109130940178224e-6
3.0500000000000003,0.999944604231351,4.994114744419954e-5,5.454621205645178e-6
3.1,0.999940930373823,5.32465924441093e-5,5.8230337337359194e-6
3.1500000000000004,0.9999370133642553,5.677080483211681e-5,6.21583091335302e-6
3.2,0.9999328371224868,6.052825195682496e-5,6.634625557270924e-6
3.25,0.9999283844904515,6.453437093150363e-5,7.081138617936362e-6
3.3000000000000003,0.999923637179405,6.880561610948154e-5,7.557204486545315e-6
3.35,0.9999185756905099,7.335953052653397e-5,8.064778964627047e-6
3.4000000000000004,0.9999131792351189,7.821481761491413e-5,8.605947267117725e-6
3.45,0.9999074256495429,8.339141787820701e-5,9.182932579766714e-6
3.5,0.9999012913041654,8.891059065079928e-5,9.798105184867837e-6
3.5500000000000003,0.9998947510065629,9.47950012484948e-5,1.045399218970298e-5
3.6,0.9998877778982352,1.0106881386808972e-4,1.1153287897832137e-5
3.6500000000000004,0.9998803433445218,1.0775779061368844e-4,1.1898864865624389e-5
3.7,0.9998724168172597,1.148893970522066e-4,1.2693785689212834e-5
3.75,0.9998639657697043,1.2249291472675764e-4,1.3541315570027347e-5
3.8000000000000003,0.9998549555032064,1.305995610845156e-4,1.4444935710219286e-5
3.85,0.9998453490251032,1.392426173053299e-4,1.5408357592658862e-5
3.9000000000000004,0.9998351068972485,1.4845756454894227e-4,1.643553820377103e-5
3.95,0.9998241870745677,1.582822291722313e-4,1.753069626129318e-5
4,0.9998125447329845,1.687569375036225e-4,1.8698329513103513e-05
4.05,0.9998001320860239,1.7992468079975807e-4,1.994323317759657e-5
4.1000000000000005,0.9997868981893507,1.9183129104987696e-4,2.12705196006907e-5
4.15,0.9997727887324557,2.0452562833623542e-4,2.268563920945659e-5
4.2,0.9997577458166493,2.1805978050446699e-4,2.419440284757752e-5
4.25,0.9997417077184718,2.3248927594617184e-4,2.580300558340735e-5
4.3,0.9997246086375666,2.4787331034743164e-4,2.7518052087305507e-5
4.3500000000000005,0.9997063784280086,2.6427498831150886e-4,2.9346583681218955e-5
4.4,0.9996869423120092,2.8176158082190544e-4,3.129610717017336e-5
4.45,0.9996662205748553,3.004047995734098e-4,3.337462557245532e-5
4.5,0.9996441282398645,3.202810892639295e-4,3.559067087283705e-5
4.55,0.9996205747220609,3.414719390090178e-4,3.795333893124667e-5
4.6000000000000005,0.999595463459199,3.640642141142382e-4,4.047232668784483e-5
4.65,0.9995686919305106,3.881501390984826e-4,4.3157930392055445e-5
4.7,0.9995401499613257,4.138288224166086e-4,4.6021216258905205e-5
4.75,0.9995097206306651,4.4120543998483417e-4,4.90739293512059e-5
4.800000000000001,0.9994772793235778,4.7039208732501926e-4,5.2328589098460996e-5
4.8500000000000005,0.9994426931583927,5.015082944743377e-4,5.579854713412037e-5
4.9,0.9994058205002972,5.346814632021337e-4,5.9498036501878436e-5
4.95,0.9993665103855361,5.70047384566845e-4,6.344222989836983e-5
5,0.9993246019097806,6.077507886431888e-4,6.764730157760551e-5
5.050000000000001,0.9992799235774078,6.479459293403937e-4,7.213049325312976e-5
5.1000000000000005,0.9992322926084788,6.907972071917978e-4,7.691018433081417e-5
5.15,0.9991815142009693,7.364798323025226e-4,8.200596672939783e-5
5.2,0.9991273807454176,7.851805299964344e-4,8.743872458723747e-5
5.25,0.9990696709890003,8.370982918308802e-4,9.323071916997916e-5
5.300000000000001,0.999008149145889,8.92445174799194e-4,9.940567931309131e-5
5.3500000000000005,0.9989425639505431,9.514471517040622e-4,1.0598889775403393e-4
5.4,0.9988726476504164,0.0010143450158542396,1.1300733373073525e-4
5.45,0.998798114934341,0.0010813953434140556,1.2048972224618818e-4
5.5,0.9987186617926583,0.0011528715169196375,1.284666904234202e-4
5.550000000000001,0.9986339643049328,0.0012290648136676061,1.3697088140086878e-4
5.6000000000000005,0.9985436773508747,0.0013102855628810918,1.460370862453712e-4
5.65,0.9984474332398485,0.0013968643757640475,1.557023843886048e-4
5.7,0.9983448402541107,0.001489153452767561,1.6600629312292918e-4
5.75,0.9982354811006662,0.0015875279726108571,1.7699092672425053e-4
5.800000000000001,0.9981189112663744,0.0016923875678241695,1.887011658027712e-4
5.8500000000000005,0.997994657270674,0.0018041578918099267,2.0118483751735625e-4
5.9,0.9978622148100238,0.0019232922826517593,2.144929073257731e-4
5.95,0.9977210467878838,0.0020502735291363294,2.286796829812465e-4
6,0.9975705812237861,0.0021856157446896386,2.4380303152566121e-4
6.050000000000001,0.9974102090347647,0.0023298663551652274,2.599246100713092e-4
6.1000000000000005,0.9972392816821404,0.0024836082066545624,2.771101112063238e-4
6.15,0.9970571086763802,0.002647461799717307,2.954295239038394e-4
6.2,0.9968629549324921,0.0028220876566479557,3.149574108613911e-4
6.25,0.9966560379681542,0.0030081888286021905,3.357732032450868e-4
6.300000000000001,0.9964355249365421,0.003206513549596876,3.579615138625117e-4
6.3500000000000005,0.9962005294855952,0.0034178580445672403,3.816124698390409e-4
6.4,0.9959501084352694,0.003643069498807947,4.068220659240884e-4
6.45,0.9956832582641602,0.0038830491962348113,4.3369253960655243e-4
6.5,0.9953989113967554,0.004138755833973901,4.623327692721319e-4
6.550000000000001,0.9950959322825066,0.00441120902080587,4.928586966889048e-4
6.6000000000000005,0.9947731132578839,0.004701492966956235,5.253937751612358e-4
6.65,0.9944291703302421,0.005010760241093903,5.600694286652784e-4
6.7,0.9940627381765325,0.005340236223976437,5.970255994923758e-4
6.75,0.9936723655965624,0.005691223153595962,6.364112498429695e-4
6.800000000000001,0.9932565104937736,0.006065104586902757,6.783849193249424e-4
6.8500000000000005,0.9928135343770083,0.006463350283632779,7.231153393602402e-4
6.9,0.9923416967755766,0.006887521161417244,7.707820630074277e-4
6.95,0.9918391493585738,0.007339274507581874,8.215761338457982e-4
7,0.9913039297692422,0.007820369436906782,8.757007938524398e-4
7.050000000000001,0.9907339551807387,0.008332672588350317,9.333722309124064e-4
7.1000000000000005,0.9901270155684492,0.008878164063615034,9.94820367937242e-4
7.15,0.9894807666988561,0.009458943605889029,0.0010602896952562285
7.2,0.9887927228365251,0.010077237015487916,0.0011300401479883118
7.25,0.9880602491732924,0.010735402796637003,0.0012043480300719467
7.300000000000001,0.9872805539867499,0.0114359390266782,0.001283506986573231
7.3500000000000005,0.986450680538545,0.012181490435636025,0.00136782902582034
7.4,0.9855674987269841,0.012974855680204669,0.0014576455928124463
7.45,0.9846276965129938,0.013818994791785688,0.0015533086952218762
7.5,0.9836277711436996,0.014717036773156457,0.001655192083145195
7.550000000000001,0.9825640202038224,0.0156722873126216,0.001763692483557259
7.6000000000000005,0.9814325325317919,0.016688236578032246,0.001879230890177146
7.65,0.9802291790450521,0.017768567045788424,0.002002253909160755
7.7,0.9789496035275121,0.018917161311803522,0.002133235160685679
7.75,0.9775892134415707,0.02013810982234716,0.002272676736083474
7.800000000000001,0.976143170837673,0.02143571845263262,0.00242111070969568
7.8500000000000005,0.9746063834459999,0.022814515849925575,0.0025791007040756927
7.9,0.9729734960477032,0.02427926044577661,0.0027472435065213846
7.95,0.9712388822371204,0.025834947028685825,0.0029261707341950195
8,0.9693966367016636,0.027486812754077716,0.003116550544259875
8.05,0.967440568162575,0.029240342452897666,0.003319089384528543
8.1,0.9653641931374662,0.031101273083466715,0.003534533779068313
8.15,0.963160730704456,0.03307559715350871,0.0037636721420366815
8.200000000000001,0.960823098467696,0.035169564920588085,0.0040073366117172856
8.25,0.9583439099449926,0.03738968515972061,0.004266404895287977
8.3,0.9557154736198933,0.039742724266835776,0.0045418021132722294
8.35,0.9529297939227498,0.0422357034463516,0.004834502630899867
8.4,0.9499785744275537,0.04487589371071512,0.005145531861732291
8.450000000000001,0.9468532235733264,0.04767080839978368,0.005475968026891122
8.5,0.9435448632400107,0.05062819290891592,0.005826943851074476
8.55,0.9400443405285183,0.05375601129722394,0.006199648174258936
8.6,0.9363422431120496,0.0570624294323685,0.006595327455582988
8.65,0.9324289185401602,0.06055579431643182,0.007015287143409146
8.700000000000001,0.9282944978872456,0.06424460922976344,0.007460892882992084
8.75,0.923928924041358,0.06813750442366948,0.007933571534973807
8.8,0.9193219854829348,0.07224320256524766,0.008434811951818819
8.85,0.9144633551833665,0.076570479310621,0.008966165506013674
8.9,0.9093426354701003,0.081128118215560735,0.009529246314340099
8.950000000000001,0.9039494092344674,0.08592485965289294,0.010125731112640734
9,0.8982732976278263,0.09096934362616674,0.010757358746008125
9.05,0.8923040244653254,0.09627004630504434,0.011425929229631397
9.1,0.886031487554539,0.10183521011274285,0.012133302332719295
9.15,0.8794458370060801,0.10767276735403786,0.012881395639883119
9.200000000000001,0.8725375604862324,0.1137902574695653,0.013672182044203328
9.25,0.8652975752458343,0.12019473812713632,0.014507686627030449
9.3,0.8577173266112571,0.12689269050701257,0.015389982881731408
9.35,0.849788892457885,0.13388991930047292,0.01632118824164313
9.4,0.8415050930028455,0.1411914481202982,0.017303458876857383
9.450000000000001,0.8328596050549426,0.14880141121492776,0.018338983730130654
9.5,0.8238470796487767,0.15672294258191882,0.019429977769305586
9.55,0.8144632617712423,0.16495806378655392,0.02057867444220486
9.600000000000001,0.804705110667492,0.1735075720024683,0.021787317330040842
9.65,0.7945709189966913,0.1823709299963509,0.023058151006958898
9.700000000000001,0.7840604289033296,0.19154615997034477,0.02439341112632673
9.75,0.7731749428862237,0.20102974334510573,0.025795313768671637
9.8,0.761917427228441,0.21081652867091416,0.027266044100645863
9.850000000000001,0.7502926054452875,0.22089965013933346,0.02880774441538007
9.9,0.7383070395904165,0.23127045877801544,0.030422501631569076
9.950000000000001,0.7259691967199571,0.24191846892480873,0.032112334355235285
10,0.7132894982642912,0.2528313221153118,0.03387917962039814
10.05,0.7002803499760336,0.2639947705835079,0.03572487944045972
10.100000000000001,0.6869561504995995,0.27539268218287316,0.03765116731752869
10.15,0.6733332768181179,0.28700706831421147,0.03965965486767195
10.200000000000001,0.6594300452261659,0.29881813604198276,0.04175181873185266
10.25,0.6452666469392182,0.3108043651131347,0.043928987947648476
10.3,0.6308650579600513,0.3229426100790874,0.04619233196086268
10.350000000000001,0.616248923388295,0.3352082271563771,0.048542849455329294
10.4,0.6014434169568438,0.34757522486859105,0.050981358174566525
10.450000000000001,0.5864750771899818,0.3600164369100804,0.053508485899939034
10.5,0.5713716221805486,0.37250371508272895,0.05612466273672376
10.55,0.5561617455542736,0.38500813960359975,0.05883011484212794
10.600000000000001,0.5408748967058344,0.39750024358597635,0.06162485970819042
10.65,0.5255410488316647,0.4099502480802131,0.06450870308812345
10.700000000000001,0.5101904586303813,0.4223283037419837,0.06748123762763626
10.75,0.4948534217777979,0.4346047349883211,0.07054184323388228
10.8,0.47956002839949513,0.4467502824157812,0.07368968918472499
10.850000000000001,0.46433992275487246,0.4587363392942359,0.07692373795089291
10.9,0.44922207121303553,0.4705351781127598,0.08024275067420594
10.950000000000001,0.4342345423490984,0.48212016343365954,0.08364529421724336
11,0.41940430263085166,0.49346594769475494,0.08712974967439474
11.05,0.40475703071615504,0.5045486470719677,0.09069432221187865
11.100000000000001,0.3903169528602881,0.5153459950541411,0.09433705208557218
11.15,0.376106701361438,0.5258374719677623,0.09805582667080115
11.200000000000001,0.3621471973743964,0.5360044092977908,0.10184839332781429
11.25,0.3484575588199305,0.5458300682594676,0.10571237292060331
11.3,0.3350550335314947,0.5552996926635475,0.10964527380495917
11.350000000000001,0.32195495723103706,0.56440053666503,0.11364450610393437
11.4,0.3091707354206981,0.5731218684843243,0.11770739609497892
11.450000000000001,0.2967138478751853,0.5814549515836888,0.12183120054112728
11.5,0.2845938740011453,0.5893930051837626,0.12601312081509347
11.55,0.2728185370985513,0.5969311462282154,0.13025031667323467
11.600000000000001,0.261393765317337,0.6040663151301305,0.1345399195525338
11.65,0.250323767013688,0.6107971876971873,0.13887904528912587
11.700000000000001,0.2396111181214059,0.6171240757131877,0.14326480616540765
11.75,0.22925685920831648,0.6230488185773119,0.14769432221437287
11.8,0.2192605997594643,0.6285746685188289,0.15216473172170816
11.850000000000001,0.20962062780414722,0.633706171299489,0.15667320089636513
11.9,0.20033402257312763,0.6384490447509129,0.1612169326759608
11.950000000000001,0.19139676849552634,0.6428100568401208,0.1657931746643541
12,0.18280386876457552,0.6467969050358162,0.17039922619960962
12.05,0.17454945711629505,0.6504180983134715,0.1750324445702347
12.100000000000001,0.1666269065530452,0.6536828430452805,0.1796902504016756
12.15,0.1590289339832793,0.6566009337722732,0.1843701322444487
12.200000000000001,0.15174769996716647,0.6591826496305786,0.1890696504022563
12.25,0.1447749029092646,0.6614386570490195,0.19378644004171722
12.3,0.13810186726266685,0.6633799191060993,0.1985182136312351
12.350000000000001,0.13171962542194204,0.6650176118213815,0.2032627627566778
12.4,0.12561899315034641,0.666363047485219,0.20801795936443593
12.450000000000001,0.11979063849340181,0.6674276050246238,0.21278175648197564
12.5,0.11422514423598676,0.6682226672982446,0.21755218846576993
12.55,0.10891306404827947,0.668759565126162,0.22232737082555984
12.600000000000001,0.10384497253285262,0.6690495277950597,0.22710549967208893
12.65,0.0990115094409184,0.6691036397255468,0.23188485083353608
12.700000000000001,0.09440341836399162,0.6689328029526331,0.23666377868337635
12.75,0.09001158023765989,0.6685477050424354,0.24144071471990583
12.8,0.08582704201387835,0.6679587920512964,0.24621416593482645
12.850000000000001,0.08184104086448296,0.6671762461300171,0.250982713005501
12.9,0.07804502428194371,0.6662099673754054,0.25574500834265185
12.950000000000001,0.0744306664397792,0.6650695595377976,0.26049977402242425
13,0.07098988116515009,0.663764319205887,0.2652457996289639
13.05,0.0677148318652999,0.6623032281033951,0.26998194003130593
13.100000000000001,0.06459793872494132,0.660694948160181,0.27470711311487855
13.15,0.06163188348642297,0.6589478190267275,0.27942029748685043
13.200000000000001,0.05880961210387555,0.6570698577241263,0.28412053017199895
13.25,0.05612433552588934,0.6550687601616548,0.28880690431245654
13.3,0.05356952885897507,0.6529519042567856,0.29347856688424007
13.350000000000001,0.05113892913709967,0.6507263544217895,0.2981347164411115
13.4,0.04882653190250168,0.6483988672027765,0.3027746008947225
13.450000000000001,0.04662658678430342,0.645975897877123,0.3073975153385745
13.5,0.044533592243033826,0.6434636078349678,0.3120027999219992
13.55,0.04254228963185598,0.6408678725889455,0.31658983777919947
13.600000000000001,0.040647656708995394,0.638194290273678,0.32115805301732747
13.65,0.038844900720685985,0.6354481905126577,0.32570690876665714
13.700000000000001,0.037129451159914055,0.6326346435450063,0.33023590529508035
13.75,0.03549695229332703,0.6297584695182346,0.33474457818843917
13.8,0.03394325553686449,0.6268242478655508,0.3392324965975855
13.850000000000001,0.03246441174993092,0.6238363266975593,0.3436992615525105
13.9,0.031056663508203783,0.6207988321483662,0.34814450434343075
13.950000000000001,0.029716437406413863,0.6177156776252706,0.3525678849683163
14,0.0284403364345788,0.6145905729194068,0.3569690906460152
14.05,0.027225132464908104,0.6114270331411665,0.36134783439392626
14.100000000000001,0.02606775887735979,0.6082283874534407,0.36570385366920044
14.15,0.024965303349344947,0.6049977875811963,0.3700369090694596
14.200000000000001,0.023915000833179257,0.6017382160707502,0.3743467830960714
14.25,0.02291422673266175,0.5984524942925964,0.37863327897474275
14.3,0.021960490290929554,0.5951432901773622,0.3828962195317091
14.350000000000001,0.02105142819955982,0.5918131256759306,0.38713544612451045
14.4,0.020184798434278048,0.5884643839406509,0.3913508176250719
14.450000000000001,0.01935847432068408,0.5850993162262371,0.3955422094530797
14.5,0.01857043883136036,0.5817200485109916,0.39970951265764904
14.55,0.01781877911398234,0.5783285878407214,0.40385263304529717
14.600000000000001,0.017101681248589753,0.5749268283991618,0.4079714903522495
14.65,0.016417425230953735,0.5715165573099015,0.41206601745914584
14.700000000000001,0.015764380177969287,0.5680994601757832,0.4161361596462486
14.75,0.015140999750184202,0.5646771263625172,0.42018187388729955
14.8,0.01454581778592062,0.5612510540338523,0.424203128180228
14.850000000000001,0.013977444140935444,0.5578226549461073,0.42819990091295834
14.9,0.01343456072717739,0.5543932590101921,0.43217218026263166
14.950000000000001,0.012915917743918379,0.5509641186294748,0.43611996362660793
15,0.012420330094348002,0.5475364128219762,0.44004325708367703
15.05,0.011946673980608058,0.5441112511354218,0.4439420748839714
15.100000000000001,0.01149388367020068,0.5406896773636727,0.44781643896612794
15.15,0.011060948426713629,0.5372726730729745,0.4516663785003131
15.200000000000001,0.010646909597864932,0.5338611609463544,0.45549192945578193
15.25,0.01025085785396545,0.5304560079543365,0.45929313419169926
15.3,0.00987193057002556,0.5270580283599603,0.46307004107001526
15.350000000000001,0.009509309344886675,0.5236679865658794,0.4668227040892351
15.4,0.009162217650931328,0.5202865998110849,0.470551182537985
15.450000000000001,0.008829918608115701,0.5169145407245592,0.47425554066732634
15.5,0.008511712876269702,0.5135524397429129,0.4779358473808187
15.55,0.008206936659818925,0.5102008873987934,0.481592175941389
15.600000000000001,0.007914959819298706,0.5068604364866002,0.4852246036941023
15.65,0.007635184084247999,0.5035316041117684,0.4888332118039848
15.700000000000001,0.007367041362290456,0.5002148736296247,0.49241808500808604
15.75,0.007109992139428587,0.4969106964795597,0.4959793113810129
15.8,0.006863523966792862,0.4936194939199997,0.4995169821132087
15.850000000000001,0.006627150029301226,0.49034165866941504,0.5030311913012849
15.9,0.006400407791892747,0.48707755645835293,0.5065220357497555
15.950000000000001,0.006182857719203165,0.48382752749724456,0.5099896147835535
16,0.005974082064748249,0.4805918878645093,0.5134340300707436
16.05,0.00577368372587259,0.4773709308192484,0.5168553854548802
16.1,0.005581285160907497,0.47416492804261073,0.5202537867964829
16.150000000000002,0.005396527365160206,0.4709741308117033,0.5236293418231377
16.2,0.005219068902529105,0.4677987711097205,0.5269821599877516
16.25,0.005048584989704668,0.4646390626757744,0.5303123523345221
16.3,0.004884766630074588,0.46149520199772937,0.5336200313721973
16.35,0.0047273197946026526,0.45836736925116367,0.536905310954235
16.400000000000002,0.004575964647096239,0.45525572918741936,0.5401683061654857
16.45,0.004430434811415178,0.4521604319735415,0.5434091332150447
16.5,0.004290476678306521,0.44908161398675417,0.5466279093349407
16.55,0.0041558487496752726,0.4460193985659831,0.5498247526843429
16.6,0.004026321018220098,0.44297389672278886,0.5529997822589925
16.650000000000002,0.0039016743804766805,0.43994520781395374,0.556153117805571
16.7,0.003781700081418782,0.4369334201778376,0.559284879740745
16.75,0.00366619918886919,0.4339386117364999,0.5623951890746323
16.8,0.003554982096069665,0.43096085056548145,0.5654841673384503
16.85,0.0034478680508504434,0.42800019543302376,0.5685519365161271
16.900000000000002,0.003344684709926984,0.4250566963104157,0.5715986189796586
16.95,0.003245267716933713,0.42213039485505505,0.5746243374280124
17,0.0031494603028822893,0.4192213248677276,0.5776292148293913
17.05,0.003057112907805623,0.41632951272552404,0.5806133743666715
17.1,0.0029680828224181665,0.413454977791729,0.583576939385854
17.150000000000002,0.0028822338486889526,0.4105977328039488,0.5865200333473632
17.2,0.002799435978285796,0.4077577842416704,0.5894427797800448
17.25,0.0027195650879077017,0.4049351326743751,0.5923453022377182
17.3,0.002642502650578017,0.4021297730912736,0.5952277242581494
17.35,0.0025681354620228822,0.3993416952136612,0.598090169324317
17.400000000000002,0.0024963553813090967,0.3965708837908419,0.6009327608278502
17.45,0.002427059084961903,0.39381731888051574,0.6037556220345235
17.5,0.0023601478338271245,0.3910809761144708,0.6065588760517031
17.55,0.002295527251983599,0.3883618269503784,0.6093426457976391
17.6,0.002233107117050745,0.3856598389104408,0.6121070539725095
17.650000000000002,0.0021728011612731175,0.3829749758076027,0.6148522230311252
17.7,0.002114526882798436,0.380307197959996,0.6175782751572065
17.75,0.0020582053665983723,0.377656462394249,0.6202853322391536
17.8,0.002003761114512307,0.3750227230382607,0.622973515847228
17.85,0.0019511218839232964,0.3724059309039991,0.6256429472120786
17.900000000000002,0.0019002185346030575,0.36980603426086106,0.6282937472045369
17.95,0.0018509848832886006,0.3672229788000929,0.6309260363166194
18,0.0018033575655775533,0.36465670779074855,0.6335399346436749
18.05,0.0017572759047522913,0.362107162227635,0.6361355618676136
18.1,0.0017126817871645724,0.3595742809716667,0.6387130372411697
18.150000000000002,0.0016695195438329372,0.35705800088303014,0.6412724795731378
18.2,0.0016277358379243607,0.3545582569475391,0.6438140072145374
18.25,0.0015872795578098212,0.3520749823965348,0.6463377380456563
18.3,0.0015481017154006552,0.3496081088206727,0.6488437894639276
18.35,0.0015101553494886323,0.3471575662779123,0.6513322783726001
18.400000000000002,0.0014733954338280251,0.34472328339601394,0.653803321170159
18.45,0.001437778789712268,0.34230518746982785,0.6562570337404608
18.5,0.0014032640028113653,0.33990320455364426,0.6586935314435454
18.55,0.0013698113440490317,0.3375172595488628,0.6611129291070891
18.6,0.0013373826943105368,0.33514727628721913,0.6635153410184713
18.650000000000002,0.0013059414727836793,0.3327931776098005,0.6659008809174168
18.7,0.0012754525687460072,0.33045488544206403,0.6682696619891909
18.75,0.0012458822766215222,0.3281323208650636,0.6706217968583158
18.8,0.0012171982341397142,0.3258254041830797,0.6729573975827816
18.85,0.0011893693634387034,0.32353405498783244,0.6752765756487298
18.900000000000002,0.0011623658149628596,0.32125819221945484,0.6775794419655833
18.95,0.0011361589140132568,0.31899773422438776,0.6798661068616
19,0.0011107211098169002,0.3167525988103529,0.6821366800798312
19.05,0.0010860259269878663,0.3145227032985528,0.6843912707744604
19.1,0.0010620479192601777,0.3123079645732339,0.686629987507507
19.150000000000002,0.0010387626253786988,0.3101082991287474,0.688852938245875
19.200000000000003,0.001016146527040305,0.307923623114232,0.6910602303587288
19.25,9.94177008783306e-4,0.305753852376038,0.6932519706151796
19.3,9.72832319728454e-4,0.3035989024980034,0.6954282651822691
19.35,9.520915370799862e-4,0.3014586888396907,0.6975892196232303
19.400000000000002,9.319345312998969e-4,0.29933312657268363,0.6997349388960173
19.450000000000003,9.123419328732244e-4,0.29722213071504067,0.7018655273520871
19.5,8.932951005863931e-4,0.2951256161639954,0.7039810887354191
19.55,8.747760912447049e-4,0.29304349772698995,0.7060817261817662
19.6,8.567676307589351e-4,0.29097569015112434,0.7081675422181175
19.650000000000002,8.392530865345578e-4,0.2889221081510972,0.710238638762369
19.700000000000003,8.222164411006022e-4,0.2868826664357129,0.7122951171231873
19.75,8.056422669183532e-4,0.2848572797330246,0.714337078000058
19.8,7.895157023131722e-4,0.2828458628141782,0.7163646214835095
19.85,7.738224284756405e-4,0.28084833051602304,0.7183778470555022
19.900000000000002,7.585486474809259e-4,0.2788645977625455,0.7203768535899745
19.950000000000003,7.436810612779106e-4,0.27689457958518404,0.722361739353539
20,7.292068516020529e-4,0.27493819114207974,0.7243326020063192
20.05,7.15113660768278e-4,0.27299534773631223,0.7262895386029204
20.1,7.01389573302419e-4,0.2710659648331713,0.7282326455935272
20.150000000000002,6.880230983717735e-4,0.2691499580765084,0.7301620188251209
20.200000000000003,6.750031529773541e-4,0.26724724330421307,0.7320777535428106
20.25,6.623190458722566e-4,0.2653577365628562,0.7339799443912726
20.3,6.499604621723447e-4,0.2634813541215379,0.7358686854162908
20.35,6.379174486271431e-4,0.2616180124849811,0.7377440700663928
20.400000000000002,6.261803995203897e-4,0.25976762840590245,0.7396061911945782
20.450000000000003,6.147400431712342e-4,0.2579301188966978,0.741455141060132
20.5,6.035874290084851e-4,0.2561054012404737,0.7432910113305188
20.55,5.927139151916529e-4,0.2542933930014541,0.7451138930833552
20.6,5.821111567538445e-4,0.2524940120347953,0.7469238768084517
20.650000000000002,5.717710942427476e-4,0.2507071764958327,0.7487210524099255
20.700000000000003,5.616859428371298e-4,0.24893280484878874,0.750505509208375
20.75,5.518481819173492e-4,0.24717081587496703,0.7522773359431165
20.8,5.422505450694221e-4,0.24542112868045454,0.754036620774477
20.85,5.328860105031833e-4,0.2436836627033585,0.7557834512861392
20.900000000000002,5.237477918659899e-4,0.24195833772059588,0.757517914487539
20.950000000000003,5.148293293788581e-4,0.24024507385429542,0.7592400968163268
21,5.061242814108466e-4,0.2385437915777493,0.7609500841408409
21.05,4.976265166418698e-4,0.23685441172078964,0.7626479617625695
21.1,4.893301059317266e-4,0.2351768554752583,0.7643338144188109
21.150000000000002,4.812293149751871e-4,0.23351104439977732,0.7660077262852484
21.200000000000003,4.7331859716178955e-4,0.23185690042425716,0.767669780978582
21.25,4.6559258670842037e-4,0.23021434585409706,0.7693200615591956
21.3,4.5804609206776903e-4,0.22858330337407978,0.7709586505338535
21.35,4.506740896004743e-4,0.22696369605197758,0.772585629858423
21.400000000000002,4.4347171749956613e-4,0.225355447341879,0.7742010809406226
21.450000000000003,4.364342699563142e-4,0.22375848108725302,0.7758050846427919
21.5,4.2955719155708883e-4,0.2221727215237605,0.7773977212846837
21.55,4.228360719013176e-4,0.22059809328182528,0.7789790706462747
21.6,4.162666404310915e-4,0.21903452138897672,0.7805492119705935
21.650000000000002,4.0984476146338695e-4,0.21748193127197296,0.782108223966565
21.700000000000003,4.0356642941630157e-4,0.21594024875871598,0.7836561848118689
21.75,3.974277642210848e-4,0.21440940007996828,0.7851931721558119
21.8,3.9142500691211675e-4,0.21288931187087906,0.7867192631222101
21.85,3.855545153873543e-4,0.21137991117233113,0.7882345343122827
21.900000000000002,3.798127603320853e-4,0.20988112543211412,0.7897390618075549
21.950000000000003,3.7419632129917e-4,0.20839288250593432,0.7912329211727677
22,3.687018829392456e-4,0.2069151106582675,0.7927161874587945
22.05,3.633262313746636e-4,0.20544773856306228,0.7941889352055641
22.1,3.580662507112129e-4,0.20399069530430186,0.795651238444988
22.150000000000002,3.5291891968193615e-4,0.2025439103764296,0.7971031707038895
22.200000000000003,3.478813084176092e-4,0.2011073136846453,0.798544805006938
22.25,0.00034295057533868833,0.19968083554507884,0.7999762138795834
22.3,3.381239641637586e-4,0.1982644066848457,0.8013974693509915
22.35,3.3339880102974177e-4,0.1968579582419919,0.8028086429569794
22.400000000000002,3.287724917193168e-4,0.19546142176533118,0.8042098057429505
22.450000000000003,3.242425189912199e-4,0.19407472921418195,0.8056010282668279
22.5,3.1980644000926856e-4,0.19269781295800703,0.8069823806019847
22.55,3.154618838661379e-4,0.1913306057759615,0.8083539323401734
22.6,3.11206549198095e-4,0.18997304085635408,0.809715752594449
22.650000000000002,3.0703820188704846e-4,0.18862505179602412,0.8110679100020899
22.700000000000003,3.0295467284644e-4,0.1872865725996402,0.8124104727275144
22.75,2.9895385588764615e-4,0.18595753767892356,0.81374350846519
22.8,2.950337056637018e-4,0.18463788185179916,0.8150670844425383
22.85,2.9119223568729825e-4,0.1833275403414801,0.8163812674228337
22.900000000000002,2.8742751642012784e-4,0.1820264487754865,0.8176861237080946
22.950000000000003,2.837376734307827e-4,0.1807345431846032,0.8189817191419672
23,2.801208856185255e-4,0.17945176000177962,0.820268119112603
23.05,2.7657538350036464e-4,0.17817803606097363,0.8215453885555272
23.1,2.730994475589789e-4,0.1769133085959442,0.822813591956498
23.150000000000002,2.696914066491295e-4,0.1756575152389932,0.8240727933543588
23.200000000000003,2.6634963646030723e-4,0.1744105940196607,0.8253230563438801
23.25,2.630725580334487e-4,0.1731724833633756,0.8265644440785921
23.3,2.5985863632964633e-4,0.17194312209006393,0.8277970192736076
23.35,2.5670637884886855e-4,0.17072244941271753,0.8290208442084347
23.400000000000002,2.536143342967789e-4,0.16951040493592462,0.8302359807297798
23.450000000000003,2.5058109129782953e-4,0.16830692865436495,0.8314424902543385
23.5,2.4760527715287555e-4,0.16711196095127132,0.832640433771577
23.55,2.4468555663962845e-4,0.16592544259685893,0.8338298718465028
23.6,2.418206308543382e-4,0.1647473147467257,0.8350108646224212
23.650000000000002,2.390092360931534e-4,0.16357751894022354,0.8361834718236847
23.700000000000003,2.3625014277167856e-4,0.1624159970988037,0.837347752758426
23.75,2.3354215438130222e-4,0.1612626915243371,0.838503766321283
23.8,2.3088410648092864e-4,0.160117544897411,0.8396515709961094
23.85,2.282748657228034e-4,0.15898050027560476,0.8407912248586739
23.900000000000002,2.2571332891116962e-4,0.157851501091744,0.8419227855793462
23.950000000000003,2.231984220925484e-4,0.15673049115213658,0.8430463104257723
24,2.2072909967648123e-4,0.15561741463479026,0.8441618562655346
24.05,2.1830434358561845e-4,0.15451221608761387,0.8452694795688018
24.1,2.159231624340854e-4,0.1534148404266035,0.8463692364109637
24.150000000000002,2.13584590733094e-4,0.15232523293401393,0.8474611824752544
24.200000000000003,2.1128768814748775e-4,0.1512433392565773,0.8485453730552767
24.25,2.0903153868201063e-4,0.1501691054034792,0.8496218630578403
24.3,2.0681525001860793e-4,0.14910247774462546,0.8506907070053574
24.35,2.0463795283146287e-4,0.14804340300879196,0.851751959038378
24.400000000000002,2.0249880008886998e-4,0.14699182828167948,0.852805672918233
24.450000000000003,2.003969664085336e-4,0.14594770100403415,0.8538519020295586
24.5,1.9833164742911514e-4,0.1449109689697496,0.8548906993828226
24.55,1.9630205920131158e-4,0.14388158032395978,0.8559221176168401
24.6,1.943074375985507e-4,0.14285948356112682,0.8569462090012759
24.650000000000002,1.9234703774660987e-4,0.14184462752312235,0.8579630254391323
24.700000000000003,1.9042013347149854e-4,0.1408369613973054,0.8589726184692245
24.75,1.8852601676496163e-4,0.13983643471459573,0.8599750392686406
24.8,1.8666399726698787e-4,0.13884299734754413,0.8609703386551902
24.85,1.8483340176473137e-4,0.13785659950840032,0.8619585670898364
24.900000000000002,1.8303357370727375e-4,0.13687719174717844,0.8629397746791158
24.950000000000003,1.8126387273567963e-4,0.13590472494972142,0.8639140111775443
25,1.7952367422781663e-4,0.13493915033576417,0.8648813259900094
25.05,1.7781236885743032e-4,0.13398041945699624,0.8658417681741479
25.1,1.7612936216698677e-4,0.13302848419512506,0.8667953864427096
25.150000000000002,1.7447407415380827e-4,0.13208329675993935,0.8677422291659085
25.200000000000003,1.728459388690508e-4,0.13114480968737333,0.8686823443737594
25.25,1.7124440402908534e-4,0.13021297583757296,0.8696157797583998
25.3,1.6966893063886089e-4,0.12928774839296317,0.8705425826763997
25.35,1.6811899262684642e-4,0.12836908085631824,0.8714628001510568
25.400000000000002,1.6659407649115832e-4,0.12745692704883402,0.8723764788746767
25.450000000000003,1.6509368095649857e-4,0.12655124110820343,0.873283665210842
25.5,1.636173166415522e-4,0.12565197748669538,0.8741844051966651
25.55,1.6216450573646599e-4,0.12475909094923665,0.8750787445450289
25.6,1.6073478169003065e-4,0.12387253657149883,0.8759667286468131
25.650000000000002,1.5932768890648312e-4,0.12299226973798827,0.8768484025731073
25.700000000000003,1.5794278245122857e-4,0.12211824614014133,0.8777238110774094
25.75,1.5657962776550826e-4,0.12125042177442412,0.8785929985978123
25.8,1.5523780038954657e-4,0.12038875294043702,0.8794560092591754
25.85,1.539168856939734e-4,0.11953319623902518,0.8803128868752829
25.900000000000002,1.526164786192167e-4,0.11868370857039373,0.8811636749509891
25.950000000000003,1.51336183422621e-4,0.11784024713222911,0.8820084166843504
26,1.5007561343303346e-4,0.11700276941782647,0.8828471549687426
26.05,1.4883439081261668e-4,0.11617123321422256,0.8836799323949669
26.1,1.476121463256548e-4,0.11534559660033586,0.8845067912533405
26.150000000000002,1.4640851911412614e-4,0.11452581794511243,0.8853277735357755
26.200000000000003,1.4522315647982456e-4,0.11371185590567884,0.8861429209378434
26.25,1.440557136728204e-4,0.11290366942550177,0.8869522748608275
26.3,1.4290585368605636e-4,0.11210121773255449,0.8877558764137615
26.35,1.4177324705588463e-4,0.11130446033749096,0.8885537664154551
26.400000000000002,1.4065757166835394e-4,0.11051335703182659,0.889345985396507
26.450000000000003,1.3955851257106556e-4,0.10972786788612673,0.8901325736013042
26.5,1.3847576179042178e-4,0.10894795324820271,0.8909135709900089
26.55,1.3740901815409586e-4,0.10817357374131514,0.8916890172405328
26.6,1.3635798711856084e-4,0.10740469026238564,0.8924589517504979
26.650000000000002,1.3532238060151637e-4,0.10664126398021571,0.8932234136391849
26.700000000000003,1.3430191681906218e-4,0.10588325633371404,0.893982441749469
26.75,1.3329632012746905e-4,0.10513062903013155,0.894736074649743
26.8,1.323053208694043e-4,0.1043833440433046,0.8954843506358281
26.85,1.313286552244747e-4,0.10364136361190678,0.8962273077328708
26.900000000000002,1.3036606506395146e-4,0.1029046502377084,0.8969649836972298
26.950000000000003,1.294172978095499e-4,0.10217316668384469,0.8976974160183478
27,1.2848210629613812e-4,0.10144687597309236,0.8984246419206137
27.05,1.275602486382545e-4,0.10072574138615446,0.8991466983652094
27.1,1.266514881003179e-4,0.10000972645995405,0.8998636220519479
27.150000000000002,1.257555929704171e-4,0.09929879498593627,0.9005754494210956
27.200000000000003,1.248723364375712e-4,0.09859291100837904,0.9012822166551856
27.25,1.2400149647235554e-4,0.09789203882271245,0.9019839596808173
27.3,1.2314285571079142e-4,0.0971961429738468,0.9026807141704446
27.35,1.2229620134140124e-4,0.09650518825450963,0.9033725155441512
27.400000000000002,1.2146132499533347e-4,0.0958191397035912,0.9040593989714157
27.450000000000003,1.2063802263946583e-4,0.095137962604499,0.9047413993728638
27.5,1.1982609447239744e-4,0.09446162248352102,0.9054185514220089
27.55,1.1902534482324336e-4,0.09379008510819777,0.9060908895469812
27.6,1.1823558205314919e-4,0.09312331648570343,0.9067584479322457
27.650000000000002,1.174566184594438e-4,0.09246128286123573,0.9074212605203071
27.700000000000003,1.1668827018235288e-4,0.09180395071641466,0.9080793610134053
27.75,1.159303571141979e-4,0.09115128676769037,0.9087327828751977
27.8,1.1518270281100645e-4,0.09050325796475953,0.9093815593324316
27.85,1.1444513440646456e-4,0.08985983148899127,0.9100257233766045
27.900000000000002,1.1371748252814125e-4,0.08922097475186154,0.9106653077656125
27.950000000000003,1.1299958121591956e-4,0.08858665539339658,0.9113003450253897
28,1.1229126784257e-4,0.08795684128062545,0.9119308674515342
28.05,1.115923830364036e-4,0.08733150050604113,0.9125569071109246
28.1,1.1090277060594546e-4,0.08671060138607121,0.913178495843325
28.150000000000002,1.1022227746656921e-4,0.08609411245955688,0.9137956652629787
28.200000000000003,1.0955075356903678e-4,0.08548200248624116,0.9144084467601921
28.25,1.0888805182988867e-4,0.08487424044526598,0.9150168715029062
28.3,1.0823402806363123e-4,0.08427079553367807,0.9156209704382604
28.35,1.0758854091667065e-4,0.08367163716494402,0.9162207742941414
28.400000000000002,1.0695145180294269e-4,0.08307673496747395,0.9168163135807252
28.450000000000003,1.0632262484119082e-4,0.08248605878315411,0.9174076185920068
28.5,1.0570192679384602e-4,0.08189957866588843,0.9179947194073199
28.55,1.0508922700746247e-4,0.08131726488014865,0.918577645892846
28.6,1.0448439735466608e-4,0.0807390878995337,0.9191564277031138
28.650000000000002,1.0388731217757263e-4,0.08016501840533743,0.9197310942824871
28.700000000000003,1.0329784823263467e-4,0.07959502728512531,0.9203016748666442
28.75,1.0271588463687739e-4,0.0790290856313199,0.9208681984840453
28.8,1.0214130281548429e-4,0.07846716473979491,0.9214306939573916
28.85,1.0157398645069573e-4,0.07790923610847815,0.9219891899050732
28.900000000000002,1.010138214319834e-4,0.077355271435963,0.9225437147426071
28.950000000000003,1.0046069580746579e-4,0.07680524262012857,0.9230942966840661
29,9.99144997365302e-5,0.07625912175676848,0.9236409637434971
29.05,9.937512544362814e-5,0.0757168811382282,0.9241837437363303
29.1,9.88424671732124e-5,0.0751784932520511,0.9247226642807779
29.150000000000002,9.831642114578362e-5,0.07464393077963277,0.9252577527992236
29.200000000000003,9.779688551501691e-5,0.07411316659488408,0.9257890365196031
29.25,9.728376032593876e-5,0.07358617376290265,0.9263165424767735
29.3,9.677694747412566e-5,0.07306292553865253,0.9268402975138754
29.35,9.627635066589713e-5,0.07254339536565271,0.9273603282836835
29.400000000000002,9.578187537947581e-5,0.0720275568746737,0.9278766612499489
29.450000000000003,9.5293428827089e-5,0.07151538388244245,0.9283893226887326
29.5,9.481091991798599e-5,0.07100685039035574,0.9288983386897284
29.55,9.433425922234683e-5,0.0705019305832016,0.9294037351575781
29.6,9.386335893605895e-5,0.07000059882788932,0.9299055378131768
29.650000000000002,9.339813284633792e-5,0.06950282967218732,0.9304037721949684
29.700000000000003,9.293849629817035e-5,0.06900859784346931,0.9308984636602345
29.75,9.248436616155708e-5,0.06851787824746865,0.9313896373863718
29.8,9.203566079953512e-5,0.06803064596704059,0.9318773183721618
29.85,9.159230003695852e-5,0.06754687626093288,0.9323615314390321
29.900000000000002,9.115420513001737e-5,0.06706654456256411,0.9328423012323079
29.950000000000003,9.072129873647614e-5,0.06658962647881018,0.9333196522224554
30,9.029350488661218e-5,0.06611609778879869,0.9337936087063168
30.05,8.987074895483636e-5,0.06564593444271104,0.9342641948083362
30.1,8.945295763197794e-5,0.06517911256059278,0.9347314344817772
30.150000000000002,8.904005889821637e-5,0.0647156084311715,0.9351953515099323
30.200000000000003,8.863198199664325e-5,0.06425539851068247,0.9356559695073229
30.25,8.822865740743843e-5,0.06379845942170231,0.9361133119208922
30.3,8.783001682264388e-5,0.06334476795198994,0.9365674020311894
30.35,8.743599312152067e-5,0.06289430105333567,0.9370182629535447
30.400000000000002,8.704652034647327e-5,0.06244703584041758,0.9374659176392378
30.450000000000003,8.666153367952743e-5,0.06200294958966561,0.9379103888766568
30.5,8.628096941934698e-5,0.06156201973813322,0.9383516992924494
30.55,8.590476495877597e-5,0.06112422388237638,0.9387898713526668
30.6,8.553285876289301e-5,0.06068953977734038,0.9392249273638986
30.650000000000002,8.51651903475645e-5,0.060257945335253735,0.9396568894744006
30.700000000000003,8.480170025848437e-5,0.059829418624529604,0.9400857796752138
30.75,8.444233005068805e-5,0.0594039378686746,0.9405116198012766
30.8,8.408702226852848e-5,0.05898148144520474,0.9409344315325288
30.85,8.373572042610313e-5,0.05856202788456895,0.9413542363950069
30.900000000000002,8.338836898812007e-5,0.058145555869079484,0.9417710557619344
30.950000000000003,8.304491335119254e-5,0.057732044231849744,0.9421849108548009
31,8.270529982555146e-5,0.05732147195573916,0.9425958227444372
31.05,8.236947561716491e-5,0.05691381817230507,0.9430038123520796
31.1,8.203738881025538e-5,0.05650906216076197,0.9434089004504297
31.150000000000002,8.170898835020399e-5,0.056107183346947455,0.9438111076647042
31.200000000000003,8.138422402683298e-5,0.05570816130229531,0.9442104544736798
31.25,8.10630464580566e-5,0.055311975742815545,0.9446069612107284
31.3,8.074540707389158e-5,0.05491860652808119,0.9450006480648468
31.35,8.043125810081847e-5,0.054528033660222235,0.945391535081679
31.400000000000002,8.01205525464851e-5,0.054140237282926086,0.9457796421645295
31.450000000000003,7.981324418474388e-5,0.05375519768044497,0.9461649890753724
31.5,7.950928754101491e-5,0.05337289527661006,0.946547595435851
31.55,7.920863787796687e-5,0.0529933106338522,0.9469274807282718
31.6,7.891125118150819e-5,0.05261642445222952,0.947304664296591
31.650000000000002,7.861708414708079e-5,0.052242217568461403,0.9476791653473935
31.700000000000003,7.832609416624932e-5,0.0518706709549692,0.9480510029508664
31.75,7.80382393135787e-5,0.051501765718923447,0.9484201960417649
31.8,7.775347833379293e-5,0.051135483101297514,0.9487867634203706
31.85,7.747177062920878e-5,0.05077180447592787,0.9491507237534448
31.900000000000002,7.719307624743757e-5,0.05041071134858065,0.9495120955751739
31.950000000000003,7.691735586934862e-5,0.05005218535602457,0.9498708972881079
32,7.66445707972884e-5,0.04969620826511039,0.9502271471640942
32.050000000000004,7.637468294354893e-5,0.04934276197185625,0.950580863345202
32.1,7.61076548190803e-5,0.04899182850054,0.9509320638446428
32.15,7.584344952244046e-5,0.04864339000279692,0.9512807665476826
32.2,7.558203072897768e-5,0.04829742875672415,0.9516269892125487
32.25,7.532336268024002e-5,0.047953927165991346,0.9519707494713303
32.300000000000004,7.506741017360572e-5,0.047612867758956866,0.9523120648308713
32.35,7.481413855213073e-5,0.04727423318779081,0.9526509526736588
32.4,7.456351369460688e-5,0.046938006227603336,0.9529874302587037
32.45,7.431550200582714e-5,0.046604169775579504,0.9533215147224164
32.5,7.407007040705204e-5,0.04627270685012001,0.9536532230794748
32.550000000000004,7.382718632667323e-5,0.045943600589987435,0.9539825722236877
32.6,7.358681769100744e-5,0.04561683425345296,0.9543095789288577
32.65,7.33489329153721e-5,0.045292391217457956,0.9546342598496285
32.7,7.31135008955815e-5,0.04497025497680248,0.9549566315223037
32.75,7.288049099898738e-5,0.04465040914328153,0.9552767103657213
32.800000000000004,7.26498730561746e-5,0.044332837444870696,0.955594512682075
32.85,7.242161735273147e-5,0.04401752372490934,0.9559100546577397
32.9,7.219569462117114e-5,0.04370445194128718,0.9562233523640935
32.95,7.197207603301704e-5,0.043393606165637,0.9565344217583318
33,7.175073319104845e-5,0.04308497058253295,0.9568432786842779
33.050000000000004,7.153163812170198e-5,0.04277852948869394,0.9571499388731862
33.1,7.131476326762651e-5,0.042474267292193196,0.9574544179445411
33.15,7.110008148038713e-5,0.04217216851167267,0.9577567314068489
33.2,7.088756601331535e-5,0.04187221777556333,0.9580568946584254
33.25,7.067719051450223e-5,0.041574399821310816,0.9583549229881767
33.300000000000004,7.046892901993093e-5,0.041278699494606066,0.9586508315763761
33.35,7.026275594674602e-5,0.040985101748621945,0.9589446354954334
33.4,7.005864608665607e-5,0.0406935916432545,0.9592363497106609
33.45,6.985657459946687e-5,0.04040415434436991,0.9595259890810327
33.5,6.965651700674251e-5,0.04011677512305673,0.9598135683599387
33.550000000000004,6.945844918559083e-5,0.03983143935488279,0.9600991021959338
33.6,6.926234736257146e-5,0.039548132519158015,0.9603826051334815
33.65,6.90681881077229e-5,0.03926684019820168,0.9606640916136927
33.7,6.88759483287065e-5,0.038987548076615225,0.9609435759750583
33.75,6.868560526506494e-5,0.038710241940560046,0.961221072454177
33.800000000000004,6.849713648259189e-5,0.038434907677039984,0.9614965951864796
33.85,6.83105198678116e-5,0.03816153127318943,0.961770158206945
33.9,6.812573362256496e-5,0.03789009881556571,0.9620417754508139
33.95,6.79427562587004e-5,0.03762059648944687,0.9623114607542967
34,6.776156659286727e-5,0.03735301057813434,0.9625792278552752
34.050000000000004,6.758214374140897e-5,0.037087327462260025,0.9628450903940009
34.1,6.740446711535461e-5,0.0368235336190989,0.963109061913788
34.15,6.722851641550602e-5,0.03656161562188575,0.963371155861701
34.2,6.705427162761902e-5,0.03630156013913709,0.9636313855892376
34.25,6.68817130176764e-5,0.03604335393397778,0.9638897643530068
34.300000000000004,6.671082112725056e-5,0.03578698386347208,0.9641463053154029
34.35,6.654157676895455e-5,0.035532436877959817,0.9644010215452734
34.4,6.637396102197873e-5,0.035279700020396654,0.9646539260185835
34.45,6.620795522771202e-5,0.03502876042569942,0.964905031619075
34.5,6.604354098544553e-5,0.034779605320095934,0.9651543511389208
34.550000000000004,6.588070014815693e-5,0.03453222202047905,0.9654018972793749
34.6,6.571941481837392e-5,0.034286597933765726,0.9656476826514179
34.65,6.555966734411503e-5,0.03404272055626013,0.9658917197763978
34.7,6.540144031490618e-5,0.03380057747302141,0.9661340210866657
34.75,6.524471655787158e-5,0.033560156357236054,0.966374598926208
34.800000000000004,6.508947913389692e-5,0.03332144496959419,0.9666134655512739
34.85,6.493571133386417e-5,0.03308443115767079,0.9668506331309973
34.9,6.478339667495554e-5,0.03284910285531073,0.9670861137480162
34.95,6.463251889702595e-5,0.03261544808201845,0.9673199193990865
35,6.448306195904223e-5,0.032383454942351945,0.967552061995691
35.050000000000004,6.433501003558765e-5,0.03215311162532063,0.9677825533646458
35.1,6.418834751343063e-5,0.031924406403787894,0.9680114052487007
35.15,6.404305898815606e-5,0.03169732763387749,0.9682386293071364
35.2,6.389912926085824e-5,0.03147186375438421,0.968464237116357
35.25,6.375654333489391e-5,0.031248003286188885,0.9686882401704782
35.300000000000004,6.361528641269431e-5,0.031025734831677042,0.9689106498819121
35.35,6.3475343892635e-5,0.03080504707416217,0.9691314775819471
35.4,6.333670136596226e-5,0.030585928777312567,0.9693507345213235
35.45,6.3199344613775e-5,0.030368368784582492,0.9695684318708057
35.5,6.306325960406095e-5,0.03015235601864735,0.9697845807217504
35.550000000000004,6.292843248878604e-5,0.029937879480842495,0.9699991920866706
35.6,6.279484960103614e-5,0.02972492825060649,0.9702122768997943
35.65,6.266249745220958e-5,0.029513491484927747,0.9704238460176219
35.7,6.253136272926007e-5,0.029303558417795434,0.9706339102194772
35.75,6.240143229198854e-5,0.029095118359654185,0.9708424802080557
35.800000000000004,6.22726931703831e-5,0.028888160696862376,0.9710495666099691
35.85,6.214513256200621e-5,0.028682674891154645,0.9712551799762853
35.9,6.201873782942789e-5,0.028478650479107748,0.9714593307830648
35.95,6.18934964977044e-5,0.02827607707161047,0.9716620294318938
36,6.17693962519013e-5,0.02807494435333725,0.97186328625041285
36.050000000000004,6.164642493465979e-5,0.027875242082225245,0.9720631114928421
36.1,6.152457054380608e-5,0.027676960088955486,0.9722615153405028
36.15,6.140382123000211e-5,0.027480088276437248,0.9724585079023348
36.2,6.128416529443777e-5,0.027284616619296372,0.9726540992154112
36.25,6.116559118656287e-5,0.027090535163367145,0.9728482992454482
36.300000000000004,6.104808750185875e-5,0.026897834025187486,0.9730411178873126
36.35,6.093164297964852e-5,0.026706503391498146,0.9732325649655242
36.4,6.081624650094501e-5,0.026516533518744955,0.9734226502347562
36.45,6.070188708633606e-5,0.026327914732584896,0.9736113833803308
36.5,6.058855389390616e-5,0.026140637427395644,0.9737987740187125
36.550000000000004,6.047623621719369e-5,0.02595469206578829,0.9739848316979965
36.6,6.0364923483183424e-5,0.025770069178123897,0.9741695658983951
36.65,6.025460525033314e-5,0.025586759362033067,0.9743529860327187
36.7,6.0145271206634056e-5,0.025404753281939155,0.9745351014468562
36.75,6.003691116770436e-5,0.025224041668584867,0.9747159214202494
36.800000000000004,5.992951507491498e-5,0.025044615318561884,0.9748954551663652
36.85,5.9823072993547275e-5,0.02486646509384424,0.9750737118331642
36.9,5.9717575110981866e-5,0.02468958192132458,0.9752507005035664
36.95,5.9613011734918016e-5,0.024513956792353953,0.975426430195913
37,5.950937329162319e-5,0.02433958076228484,0.9756009098644255
37.050000000000004,5.940665032421174e-5,0.024166444950017164,0.9757741483996605
37.1,5.9304833490952824e-5,0.02399454053754787,0.9759461546289631
37.15,5.920391356360637e-5,0.023823858769523316,0.976116937316915
37.2,5.9103881425787026e-05,0.023654390952795076,0.9762865051657811
37.25,5.9004728071355313e-5,0.023486128455978847,0.9764548668159517
37.300000000000004,5.8906444602835526e-5,0.02331906270901626,0.9766220308463829
37.35,5.880902222986e-5,0.02315318520274014,0.976788005775032
37.4,5.871245226763896e-5,0.02298848748844244,0.976952800059292
37.45,5.861672613545586e-5,0.02282496117744553,0.9771164220964209
37.5,5.852183535518749e-5,0.022662597940676432,0.9772788802239702
37.550000000000004,5.842777154984832e-5,0.0225013895082439,0.9774401827202082
37.6,5.833452644215893e-5,0.022341327669018776,0.977600337804541
37.65,5.824209185313776e-5,0.022182404270217018,0.9777593536379318
37.7,5.815045970071599e-5,0.022024611216985856,0.9779172383233155
37.75,5.8059621998374966e-5,0.021867940471992895,0.9780739999060107
37.800000000000004,5.796957085380586e-5,0.021712384055017873,0.9782296463741303
37.85,5.7880298467591105e-5,0.021557934042547692,0.9783841856589868
37.9,5.7791797131907116e-5,0.0214045825673739,0.9785376256354962
37.95,5.7704059229248176e-5,0.021252321818193302,0.9786899741225794
38,5.7617077231170834e-5,0.021101144039211362,0.9788412388835595
38.050000000000004,5.753084369705849e-5,0.02095104152974819,0.9789914276265567
38.1,5.7445351272905975e-5,0.020802006643847654,0.9791405480048814
38.15,5.7360592690123495e-5,0.020654031789888918,0.979288607617423
38.2,5.727656076435984e-5,0.020507109430200936,0.9794356140090368
38.25,5.719324839434434e-5,0.0203612320806797,0.979581574670928
38.300000000000004,5.711064856074728e-5,0.020216392310407935,0.9797264970410332
38.35,5.7028754325058536e-5,0.02007258274127786,0.979870388504399
38.400000000000006,5.694755882848385e-5,0.01992979604761621,0.9800132563935572
38.45,5.68670552908588e-5,0.0197880249558123,0.9801551079888988
38.5,5.678723700957978e-5,0.01964726224394838,0.980295950519044
38.550000000000004,5.6708097358551905e-5,0.019507500741432825,0.9804357911612105
38.6,5.662962978715357e-5,0.01936873332863591,0.9805746370415788
38.650000000000006,5.655182781921708e-5,0.019230952936527948,0.9807124952356547
38.7,5.647468505202552e-5,0.019094152546320322,0.9808493727686296
38.75,5.6398195155325064e-5,0.01895832518910872,0.980985276615738
38.800000000000004,5.632235187035294e-5,0.018823463945519113,0.9811202137026125
38.85,5.624714900888039e-5,0.01868956194535624,0.9812541909056369
38.900000000000006,5.6172580452270556e-5,0.018556612367254376,0.9813872150522954
38.95,5.609864015055106e-5,0.01842460843833085,0.9815192929215207
39,5.602532212150081e-5,0.018293543433841764,0.9816504312440388
39.050000000000004,5.595262044975103e-5,0.018163410676840294,0.981780636702712
39.1,5.588052928590015e-5,0.018034203537837443,0.9819099159328787
39.150000000000006,5.5809042845642236e-5,0.017905915434464997,0.9820382755226913
39.2,5.573815540890895e-5,0.01777853983114113,0.982165722013452
39.25,5.5667861319024466e-5,0.017652070238738125,0.9822922618999449
39.300000000000004,5.559815498187353e-5,0.017526500214252613,0.9824179016307676
39.35,5.552903086508209e-5,0.01740182336047816,0.9825426476086588
39.400000000000006,5.546048349721041e-5,0.01727803332567997,0.982666506190825
39.45,5.539250746695851e-5,0.017155123803272183,0.9827894836892629
39.5,5.5325097422383626e-5,0.01703308853149717,0.9829115863710826
39.550000000000004,5.525824807012951e-5,0.01691192129310731,0.9830328204588247
39.6,5.519195417466743e-5,0.01679161591504896,0.9831531921307785
39.650000000000006,5.512621055754853e-5,0.016672166268148558,0.983272707521296
39.7,5.5061012096667553e-5,0.016553566266801163,0.9833913727211043
39.75,5.499635372553751e-5,0.01643580986866096,0.9835091937776157
39.800000000000004,5.493223043257525e-5,0.016318891074334107,0.9836261766952354
39.85,5.486863726039784e-5,0.016202803927073805,0.9837423274356679
39.900000000000006,5.480556930512922e-5,0.016087542512477307,0.9838576519182198
39.95,5.4743021715717394e-5,0.01597310095818534,0.9839721560201011
40,5.4680989693261655e-5,0.01585947343358344,0.9840858455767255
