"Phase","Unit","AreaMicron2","MajorAxisMicron","MinorAxisMicron","Angle","Circ","FeretDiameterMicron","FeretX","FeretY","FeretAngle","MinFeret","AR","Round","Solidity"
"Mica",1,2919.216,78.047,47.623,122.478,0.765,84.002,1112.411,140.7,132.879,53.944,1.639,0.61,0.886
"Mica",2,106309.712,513.056,263.826,151.828,0.317,579.221,7144.93,514.435,15.408,416.803,1.945,0.514,0.585
"Mica",3,734.637,32.922,28.412,0,1,35.449,1121.204,233.035,150.255,26.381,1.159,0.863,0.95
"Mica",4,43440.248,481.293,114.919,30.136,0.22,521.471,778.248,628.754,36.773,175.08,4.188,0.239,0.567
"Mica",5,11560.867,156.095,94.3,37.508,0.69,174.551,1855.483,562.801,40.914,105.089,1.655,0.604,0.869
"Mica",6,9917.6,220.032,57.389,78.911,0.505,211.416,4981.665,1064.045,73.072,57.862,3.834,0.261,0.904
"Mica",7,18191.933,298.224,77.669,38.587,0.38,324.298,7153.724,1081.632,40.601,101.368,3.84,0.26,0.754
"Mica",8,1720.597,67.445,32.482,166.605,0.706,69.521,6516.176,901.36,161.565,38.205,2.076,0.482,0.848
"Mica",9,4659.145,168.87,35.129,136.737,0.468,165.044,760.66,1046.457,138.24,40.418,4.807,0.208,0.838
"Mica",10,14712.073,164.395,113.945,143.071,0.802,169.665,677.12,1077.236,148.782,113.718,1.443,0.693,0.931
"Mica",11,1179.286,47.148,31.847,88.2,0.892,49.159,5012.443,1090.426,116.565,30.778,1.48,0.675,0.931
"Mica",12,18153.268,236.009,97.935,51.163,0.579,231.703,4893.727,1336.652,56.611,113.822,2.41,0.415,0.825
"Mica",13,4504.485,82.457,69.555,174.175,0.88,90.644,2299.568,1222.333,157.166,70.35,1.185,0.844,0.93
"Mica",14,1623.934,53.181,38.88,170.741,0.924,57.159,2075.327,1275.095,157.38,39.572,1.368,0.731,0.923
"Mica",15,425.316,24.422,22.174,134.999,1,28.154,4352.911,1283.889,128.66,21.984,1.101,0.908,0.936
"Mica",16,4233.829,106.42,50.655,43.479,0.537,109.922,4247.386,1367.43,36.87,64.608,2.101,0.476,0.764
"Mica",17,270.656,21.32,16.164,45,1,24.873,4344.117,1332.255,45,17.588,1.319,0.758,0.933
"Mica",18,1933.255,66.982,36.749,102.439,0.817,68.822,4928.902,1345.445,116.565,38.205,1.823,0.549,0.905
"Mica",19,7520.363,188.453,50.81,164.629,0.502,186.647,4018.748,1363.033,164.982,56.296,3.709,0.27,0.855
"Mica",20,173.993,14.884,14.884,0,1,18.654,4229.799,1367.43,135,13.191,1,1,1
"Mica",21,4388.49,117.876,47.402,126.179,0.7,116.081,5676.372,1437.78,127.304,51.278,2.487,0.402,0.888
"Mica",22,2474.567,82.774,38.064,13.819,0.74,84.918,5522.481,1560.892,21.251,40.437,2.175,0.46,0.892
"Mica",23,1778.595,56.15,40.331,172.178,0.914,57.328,8591.503,1578.48,147.529,39.572,1.392,0.718,0.944
"Mica",24,20202.518,171.604,149.896,6.039,0.874,185.348,8424.422,1692.799,22.306,148.93,1.145,0.873,0.95
"Mica",25,4233.829,87.706,61.463,100.889,0.926,93.168,5992.947,1626.846,109.29,61.556,1.427,0.701,0.946
"Mica",26,173.993,14.884,14.884,0,1,18.654,329.766,1925.833,135,13.191,1,1,1
"Mica",27,1836.593,78.083,29.948,44.628,0.687,78.284,294.591,2009.374,38.157,34.2,2.607,0.384,0.826
"Mica",28,3924.508,82.463,60.595,9.564,0.782,92.439,2207.234,2092.915,25.346,64.169,1.361,0.735,0.888
"Mica",29,28689.509,268.108,136.246,113.685,0.582,294.328,1530.114,2180.852,103.829,144.622,1.968,0.508,0.892
"Mica",30,289.988,20.485,18.024,45.001,1,24.873,1437.78,2251.203,45,17.588,1.137,0.88,0.968
"Mica",31,47306.758,342.744,175.737,130.845,0.498,365.788,782.645,2312.759,154.359,188.968,1.95,0.513,0.805
"Mica",32,19893.198,187.149,135.34,67.269,0.632,218.698,6256.76,2515.015,59.826,152.499,1.383,0.723,0.856
"Mica",33,61090.869,548.78,141.738,89.799,0.341,571.814,668.326,2339.14,100.187,189.066,3.872,0.258,0.774
"Mica",34,4813.806,126.769,48.349,92.539,0.736,122.641,4273.767,2523.809,104.534,43.969,2.622,0.381,0.978
"Mica",35,8699.649,113.714,97.409,15.025,0.874,118.39,5632.403,2682.097,58.671,98.959,1.167,0.857,0.947
"Mica",36,6959.719,135.033,65.624,59.718,0.653,146.357,4757.424,2879.956,57.265,78.195,2.058,0.486,0.861
"Mica",37,5567.775,94.843,74.746,24.694,0.845,106.437,26.381,2840.384,38.29,74.747,1.269,0.788,0.944
"Mica",38,3711.85,78.379,60.298,77.86,0.545,89.03,2972.291,2831.591,110.225,64.587,1.3,0.769,0.851
"Mica",39,7810.352,194.295,51.182,51.644,0.434,209.441,3746.142,3178.944,50.964,69.969,3.796,0.263,0.77
"Mica",40,3634.52,147.448,31.385,85.509,0.485,138.065,3477.932,3266.882,80.838,32.543,4.698,0.213,0.897
"Mica",41,34721.266,296.82,148.941,115.719,0.518,317.794,3785.714,3170.15,104.421,178.417,1.993,0.502,0.803
"Mica",42,173.993,14.884,14.884,0,1,18.654,1749.958,3214.119,135,13.191,1,1,1
"Mica",43,13126.804,155.067,107.783,63.779,0.822,160.471,4075.908,3381.201,80.538,108.602,1.439,0.695,0.935
"Mica",44,12218.174,154.224,100.871,173.235,0.695,173.941,5803.882,3253.691,163.856,108.279,1.529,0.654,0.878
"Mica",45,425.316,24.422,22.174,45,1,28.154,3688.982,3271.279,38.66,21.984,1.101,0.908,0.936
"Mica",46,27413.561,322.782,108.135,172.658,0.322,365.893,4590.343,3433.963,4.135,153.891,2.985,0.335,0.72
"Mica",47,17341.3,222.218,99.36,88.578,0.572,225.316,7676.952,3548.282,84.401,104.856,2.236,0.447,0.921
"Mica",48,4562.483,99.122,58.606,130.357,0.682,112.099,7294.424,3407.582,131.82,73.094,1.691,0.591,0.852
"Mica",49,5780.433,88.416,83.242,108.363,0.936,92.752,6955.864,3407.582,121.43,83.541,1.062,0.941,0.94
"Mica",50,2455.234,83.248,37.552,24.521,0.637,89.03,5711.547,3477.932,32.905,46.872,2.217,0.451,0.864
"Mica",51,25267.647,282.309,113.959,146.586,0.436,294.624,7395.552,3495.52,142.275,129.116,2.477,0.404,0.819
"Mica",52,6225.082,166.911,47.486,168.261,0.533,165.512,1776.34,3482.329,163.009,52.037,3.515,0.285,0.888
"Mica",53,38549.112,407.306,120.505,154.637,0.241,488.133,7769.287,3539.488,150.895,165.729,3.38,0.296,0.708
"Mica",54,35455.903,349.937,129.006,37.929,0.38,387.824,5562.053,3895.636,32.969,182.315,2.713,0.369,0.69
"Mica",55,2880.55,91.742,39.977,129.457,0.574,96.431,6911.895,3688.982,133.152,49.374,2.295,0.436,0.784
"Mica",56,1411.276,66.016,27.219,96.864,0.761,65.364,7839.637,3697.776,109.654,26.381,2.425,0.412,0.942
"Mica",57,14518.748,213.471,86.597,123.087,0.595,206.044,6665.67,3785.714,140.194,85.464,2.465,0.406,0.893
"Mica",58,1933.255,71.457,34.447,107.045,0.793,72.781,7901.193,3785.714,115.017,37.333,2.074,0.482,0.909
"Mica",59,367.319,24.402,19.165,167.179,1,28.154,8125.434,3790.111,141.34,17.588,1.273,0.785,0.974
"Mica",60,5219.789,101.119,65.725,97.459,0.563,119.608,6269.951,3798.904,107.103,79.801,1.539,0.65,0.758
"Mica",61,58693.632,359.352,207.961,97.795,0.226,479.744,6951.467,3864.857,107.605,252.327,1.728,0.579,0.677
"Mica",62,1314.614,50.616,33.069,84.039,0.941,51.464,2449.062,3987.97,70.017,30.778,1.531,0.653,0.951
"Mica",63,3383.197,75.263,57.234,148.482,0.763,89.03,2932.719,3983.573,147.095,60.986,1.315,0.76,0.882
"Mica",64,15408.045,166.941,117.515,19.736,0.479,203.02,3086.61,4207.814,4.97,141.08,1.421,0.704,0.745
"Mica",65,26678.924,232.108,146.348,17.56,0.603,249.54,5271.859,4251.783,14.281,159.012,1.586,0.631,0.869
"Mica",66,15350.047,155.054,126.048,7.945,0.752,165.745,7527.459,4203.417,158.199,130.247,1.23,0.813,0.908
"Mica",67,2126.581,63.436,42.683,116.25,0.837,68.681,3341.629,4212.211,129.806,46.994,1.486,0.673,0.905
"Mica",68,10826.23,156.302,88.19,116.595,0.651,177.244,4093.495,4229.799,113.385,101.546,1.772,0.564,0.886
"Mica",69,14480.083,241.343,76.392,167.584,0.311,268.642,3398.788,4256.18,158.895,115.461,3.159,0.317,0.64
"Mica",70,8564.321,118.828,91.766,46.056,0.84,125.137,6740.417,4484.818,71.565,93.272,1.295,0.772,0.917
"Mica",71,3634.52,121.464,38.099,86.638,0.528,117.323,5333.415,4590.343,77.005,39.572,3.188,0.314,0.887
"Mica",72,2977.213,92.203,41.113,42.404,0.549,105.891,7690.143,4748.63,41.634,52.139,2.243,0.446,0.811
"Mica",73,124946.293,642.402,247.643,113.102,0.169,860.857,7083.374,4761.821,107.232,389.414,2.594,0.385,0.531
"Mica",74,3035.211,101.827,37.952,124.994,0.658,101.224,2796.416,4770.615,124.38,43.512,2.683,0.373,0.837
"Mica",75,4794.473,110.894,55.048,152.463,0.633,112.357,2708.478,4827.774,149.421,61.825,2.014,0.496,0.866
"Mica",76,1662.6,51.688,40.955,146.22,0.86,58.99,6076.488,4933.299,153.435,43.527,1.262,0.792,0.847
"Mica",77,1778.595,77.839,29.093,150.202,0.596,79.266,6098.473,4990.459,146.31,37.387,2.676,0.374,0.767
"Mica",78,405.984,22.736,22.736,0,1,25.638,6177.616,5012.443,120.964,21.984,1,1,0.913
"Mica",79,24243.022,193.553,159.477,131.4,0.733,212.511,1116.808,5175.128,155.556,172.337,1.214,0.824,0.882
"Mica",80,173.993,14.884,14.884,0,1,18.654,8186.991,5170.731,135,13.191,1,1,1
"Mica",81,7365.703,104.815,89.475,147.747,0.809,115.413,6362.285,5249.875,162.255,97.979,1.171,0.854,0.883
"Mica",82,1333.946,50.212,33.825,138.338,0.904,56.308,408.91,5267.462,141.34,39.572,1.484,0.674,0.908
"Mica",83,48466.712,491.733,125.494,97.026,0.379,542.886,298.988,5302.637,98.852,143.826,3.918,0.255,0.821
"Mica",84,19100.563,163.857,148.42,20.054,0.887,175.104,7382.361,5447.734,28.496,145.097,1.104,0.906,0.959
"Mica",85,1256.616,42.089,38.014,39.913,0.973,47.56,3099.8,5399.369,56.31,39.572,1.107,0.903,0.922
"Mica",86,20260.516,244.187,105.642,15.441,0.414,305.891,2334.743,5518.084,18.435,137.276,2.311,0.433,0.725
"Mica",87,67412.614,416.804,205.93,104.995,0.302,497.8,5030.031,5452.131,132.852,307.093,2.024,0.494,0.6
"Mica",88,5973.759,180.404,42.161,29.736,0.429,183.25,4436.452,5628.006,30.256,49.636,4.279,0.234,0.812
"Mica",89,2861.218,125.446,29.04,90.803,0.529,115.664,5460.925,5570.847,98.746,26.381,4.32,0.231,0.974
"Mica",90,1488.607,51.524,36.786,40.764,0.89,56.308,5654.388,5667.578,38.66,42.496,1.401,0.714,0.911
"Mica",91,22773.748,209.557,138.37,83.957,0.557,257.433,6749.211,5896.216,82.147,155.126,1.514,0.66,0.85
"Mica",92,1295.281,42.738,38.589,37.937,0.964,47.56,5403.765,5737.928,33.69,39.572,1.108,0.903,0.924
"Mica",93,11425.539,254.123,57.246,77.732,0.393,247.556,2009.374,5948.979,70.278,68.136,4.439,0.225,0.775
"Mica",94,231.991,19.845,14.884,90,1,21.984,6929.483,5746.722,126.87,13.191,1.333,0.75,1
"Mica",95,560.644,33.953,21.024,65.118,0.977,37.823,5038.824,5795.088,54.462,21.984,1.615,0.619,0.935
"Mica",96,21845.785,270.693,102.754,109.515,0.564,288.222,5421.353,5773.103,111.477,114.055,2.634,0.38,0.899
"Mica",97,173.993,14.884,14.884,0,1,18.654,6256.76,5790.691,135,13.191,1,1,1
"Mica",98,8970.305,115.063,99.262,6.282,0.841,123.817,2128.09,6080.885,16.504,101.128,1.159,0.863,0.939
"Mica",99,47828.737,392.019,155.343,102.242,0.572,408.437,1767.546,6014.932,104.335,186.562,2.524,0.396,0.856
"Mica",100,2319.906,78.991,37.394,87.161,0.523,89.679,2528.206,6129.251,101.31,43.969,2.112,0.473,0.75
"Mica",101,79437.462,376.95,268.319,127.213,0.581,423.792,2602.953,6142.441,120.556,290.902,1.405,0.712,0.893
"Mica",102,173.993,14.884,14.884,0,1,18.654,6357.888,6195.204,135,13.191,1,1,1
"Mica",103,9782.272,175.891,70.812,121.572,0.272,200.914,3473.535,6212.791,113.199,112.486,2.484,0.403,0.62
"Mica",104,173.993,14.884,14.884,0,1,18.654,6423.842,6221.585,135,13.191,1,1,1
"Mica",105,4021.171,79.835,64.131,172.692,0.769,86.72,3047.038,6296.332,149.534,69.281,1.245,0.803,0.852
"Mica",106,11425.539,145.724,99.829,123.631,0.325,183.619,3438.36,6344.698,106.699,131.675,1.46,0.685,0.65
"Mica",107,2010.586,65.706,38.961,108.183,0.739,74.747,1925.833,6432.635,118.072,46.001,1.686,0.593,0.856
"Mica",108,80114.102,378.018,269.84,156.392,0.412,421.482,2079.724,6516.176,110.136,348.481,1.401,0.714,0.758
"Mica",109,25306.313,203.761,158.132,19.845,0.346,240.264,3121.785,6722.829,34.563,184.211,1.289,0.776,0.789
"Mica",110,2126.581,59.242,45.705,126.593,0.828,63.413,7892.4,6621.701,123.69,52.763,1.296,0.771,0.894
"Mica",111,173.993,14.884,14.884,0,1,18.654,48.366,6639.289,135,13.191,1,1,1
"Mica",112,3673.185,156.463,29.891,121.056,0.34,157.615,7826.446,6696.448,120.141,41.353,5.234,0.191,0.708
"Mica",113,29250.153,344.755,108.026,150.713,0.494,343.773,3851.667,6854.736,159.015,112.444,3.191,0.313,0.865
"Mica",114,35127.25,299.636,149.266,55.375,0.375,360.034,7892.4,7136.136,61.557,204.917,2.007,0.498,0.682
"Mica",115,49085.353,416.41,150.086,83.272,0.428,478.291,2616.144,7443.918,83.136,180.847,2.774,0.36,0.808
"Mica",116,87189.816,415.74,267.027,43.018,0.436,464.532,4102.289,7496.68,72.937,356.24,1.557,0.642,0.719
"Mica",117,14190.094,179.95,100.402,132.565,0.414,179.035,7562.634,7162.517,155.323,115.291,1.792,0.558,0.788
"Mica",118,1894.59,68.469,35.231,107.64,0.811,70.898,7905.59,7149.327,119.745,37.574,1.943,0.515,0.929
"Mica",119,6070.422,99.31,77.828,167.266,0.561,112.701,2026.962,7193.296,159.444,87.756,1.276,0.784,0.826
"Mica",120,23895.036,248.291,122.534,104.114,0.631,275.183,1758.752,7180.105,102.926,145.097,2.026,0.494,0.872
"Mica",121,38491.114,302.56,161.979,151.459,0.637,312.457,2180.852,7290.027,166.159,191.888,1.868,0.535,0.843
"Mica",122,599.309,30.206,25.262,133.687,1,34.341,2141.281,7193.296,129.806,26.381,1.196,0.836,0.939
"Mica",123,139716.364,622.211,285.904,105.15,0.22,736.579,4418.864,7232.868,123.311,373.484,2.176,0.459,0.667
"Mica",124,75512.954,316.578,303.704,101.513,0.3,466.069,813.423,7720.921,58.109,320.972,1.042,0.959,0.678
"Mica",125,1217.951,41.266,37.579,167.583,0.959,46.739,7676.952,7355.98,131.186,35.175,1.098,0.911,0.947
"Mica",126,2551.897,70.101,46.35,55.443,0.846,74.747,1657.624,7470.299,61.928,49.745,1.512,0.661,0.889
"Mica",127,92293.61,405.882,289.523,139.194,0.4,481.413,4893.727,7602.205,170.538,333.2,1.402,0.713,0.734
"Mica",128,985.96,38.035,33.005,140.528,1,41.48,7505.474,7496.68,122.005,35.175,1.152,0.868,0.911
"Mica",129,14286.757,148.052,122.865,45.464,0.636,180.433,5267.462,7659.365,46.975,131.906,1.205,0.83,0.898
"Mica",130,4446.487,105.569,53.628,75.197,0.753,112.701,7483.49,7659.365,69.444,59.281,1.969,0.508,0.915
"Mica",131,173.993,14.884,14.884,0,1,18.654,8604.694,7624.19,135,13.191,1,1,1
"Mica",132,657.307,36.285,23.065,30.992,0.941,40.537,5368.59,7663.762,40.601,25.571,1.573,0.636,0.919
"Mica",133,69809.851,430.184,206.62,143.956,0.393,504.033,1767.546,7685.746,156.342,295.361,2.082,0.48,0.693
"Mica",134,1159.953,49.033,30.12,1.566,0.898,51.464,1644.433,7672.556,19.983,30.778,1.628,0.614,0.896
"Mica",135,1875.258,98.155,24.325,168.29,0.521,94.712,2730.462,7681.349,158.199,27.225,4.035,0.248,0.851
"Mica",136,386.651,24.807,19.845,0,1,28.154,1701.593,7685.746,141.34,17.588,1.25,0.8,1
"Mica",137,1121.288,50.716,28.15,5.605,0.883,51.464,1574.083,7716.524,19.983,26.381,1.802,0.555,0.943
"Mica",138,173.993,14.884,14.884,0,1,18.654,131.906,7769.287,135,13.191,1,1,1
"Mica",139,289.988,20.485,18.024,45.001,1,24.873,6107.266,7808.859,45,17.588,1.137,0.88,0.968
"Mica",140,2397.237,70.848,43.082,86.148,0.791,75.134,7114.152,7905.59,69.444,43.969,1.644,0.608,0.912
"Mica",141,715.304,33.613,27.095,157.116,1,37.823,5232.287,7892.4,144.462,26.381,1.241,0.806,0.949
"Mica",142,173.993,14.884,14.884,0,1,18.654,5610.419,7980.337,135,13.191,1,1,1
"Mica",143,173.993,14.884,14.884,0,1,18.654,5606.022,8011.115,135,13.191,1,1,1
"Mica",144,1449.942,52.727,35.013,91.742,0.899,54.386,5069.603,8019.909,104.036,35.175,1.506,0.664,0.904
"Mica",145,1604.602,53.51,38.181,25.059,0.959,57.328,5311.431,8134.228,32.471,39.572,1.401,0.714,0.943
"Mica",146,889.297,40.595,27.892,90,0.992,41.712,2576.572,8266.134,108.435,26.381,1.455,0.687,0.939
"Mica",147,173.993,14.884,14.884,0,1,18.654,237.432,8270.531,135,13.191,1,1,1
"Mica",148,10149.591,129.073,100.12,34.684,0.259,177.244,2594.159,8393.644,172.875,149.291,1.289,0.776,0.524
"Mica",149,173.993,14.884,14.884,0,1,18.654,435.291,8345.278,135,13.191,1,1,1
"Mica",150,173.993,14.884,14.884,0,1,18.654,505.641,8349.675,135,13.191,1,1,1
"Mica",151,3808.513,107.617,45.059,98.723,0.638,112.099,5104.778,8358.469,101.31,48.366,2.388,0.419,0.887
"Mica",152,5335.785,87.411,77.722,2.241,0.921,91.81,5144.35,8516.757,16.699,79.144,1.125,0.889,0.939
"Mica",153,173.993,14.884,14.884,0,1,18.654,219.844,8529.947,135,13.191,1,1,1
"KSpar",1,38.813,11.435,4.322,45,0.785,12.46,325.991,35.242,45,6.23,2.646,0.378,0.667
"KSpar",2,213.472,19.311,14.075,105.071,1,22.026,4017.621,44.053,126.87,13.216,1.372,0.729,0.957
"KSpar",3,19.407,4.971,4.971,0,1,6.23,3370.044,96.916,135,4.405,1,1,1
"KSpar",4,1201168.274,1509.265,1013.324,158.069,0.054,2571.389,4964.758,1185.022,10.463,2011.318,1.489,0.671,0.346
"KSpar",5,126821.79,454.03,355.647,46.67,0.476,520.346,2647.577,748.899,61.699,414.707,1.277,0.783,0.836
"KSpar",6,1746.589,83.989,26.478,86.918,0.613,84.737,6471.366,374.449,81.027,26.432,3.172,0.315,0.909
"KSpar",7,3008.015,91.756,41.74,117.473,0.684,93.346,6458.15,396.476,109.29,48.696,2.198,0.455,0.84
"KSpar",8,368.724,31.53,14.89,78.22,0.64,36.327,6246.696,466.96,75.964,17.621,2.118,0.472,0.76
"KSpar",9,1242.019,48.096,32.88,32.914,0.729,53.773,6154.185,488.987,55.008,35.476,1.463,0.684,0.853
"KSpar",10,19.407,4.971,4.971,0,1,6.23,2916.3,458.15,135,4.405,1,1,1
"KSpar",11,38.813,11.435,4.322,135,0.785,12.46,6264.317,480.176,135,6.23,2.646,0.378,0.667
"KSpar",12,504.57,27.938,22.995,68.286,1,31.767,6246.696,515.419,56.31,22.026,1.215,0.823,0.929
"KSpar",13,135.846,13.597,12.721,0,1,15.883,2872.247,647.577,123.69,13.216,1.069,0.936,0.875
"KSpar",14,1746.589,84.889,26.197,99.872,0.534,85.535,22.026,731.278,101.889,30.498,3.24,0.309,0.779
"KSpar",15,4347.067,101.127,54.732,35.984,0.673,103.125,4845.815,911.894,19.983,61.744,1.848,0.541,0.816
"KSpar",16,329.911,27.952,15.028,75.554,0.911,29.552,5004.405,898.678,63.435,17.621,1.86,0.538,0.85
"KSpar",17,1416.678,63.565,28.377,85.936,0.716,63.074,5361.233,947.137,77.905,30.837,2.24,0.446,0.869
"KSpar",18,4094.782,91.83,56.775,67.399,0.612,113.26,4977.974,1013.216,76.504,69.144,1.617,0.618,0.836
"KSpar",19,1688.37,59.284,36.261,145.721,0.364,79.417,8348.018,947.137,146.31,52.863,1.635,0.612,0.621
"KSpar",20,38.813,9.942,4.971,90,1,9.851,7303.965,947.137,116.565,4.405,2,0.5,1
"KSpar",21,31011.663,279,141.524,64.999,0.592,313.55,8246.696,1295.154,65.956,163.216,1.971,0.507,0.87
"KSpar",22,38.813,9.942,4.971,90,1,9.851,3259.912,1017.621,116.565,4.405,2,0.5,1
"KSpar",23,103980.283,503.126,263.138,136.653,0.47,538.275,5475.771,1171.806,118.872,300.859,1.912,0.523,0.79
"KSpar",24,14865.416,161.943,116.876,38.149,0.704,174.273,3088.106,1321.586,20.726,129.783,1.386,0.722,0.877
"KSpar",25,6171.282,155.846,50.419,76.794,0.296,178.889,4969.163,1400.881,80.074,71.347,3.091,0.324,0.669
"KSpar",26,3260.3,92.107,45.069,150.795,0.636,97.813,462.555,1290.749,144.162,57.137,2.044,0.489,0.796
"KSpar",27,135.846,13.597,12.721,0,1,15.883,4308.37,1325.991,123.69,13.216,1.069,0.936,0.875
"KSpar",28,155.252,16.845,11.735,162.704,0.914,19.701,1969.163,1387.665,153.435,13.216,1.435,0.697,0.842
"KSpar",29,19.407,4.971,4.971,0,1,6.23,5881.057,1436.123,135,4.405,1,1,1
"KSpar",30,7704.399,130.057,75.425,1.247,0.662,148.609,7453.744,1559.471,11.976,89.356,1.724,0.58,0.857
"KSpar",31,2192.94,77.266,36.137,31.766,0.744,77.061,436.123,1599.119,30.964,39.225,2.138,0.468,0.879
"KSpar",32,19.407,4.971,4.971,0,1,6.23,5541.85,1550.661,135,4.405,1,1,1
"KSpar",33,13332.298,196.11,86.56,125.942,0.536,212.187,8290.749,1568.282,138.366,121.723,2.266,0.441,0.788
"KSpar",34,892.701,36.207,31.393,107.262,1,39.402,2691.63,1585.903,116.565,30.837,1.153,0.867,0.929
"KSpar",35,19.407,4.971,4.971,0,1,6.23,2189.427,1647.577,135,4.405,1,1,1
"KSpar",36,1242.019,44.026,35.919,160.783,0.942,47.446,2660.793,1713.656,158.199,38.47,1.226,0.816,0.889
"KSpar",37,9683.867,141.697,87.016,46.8,0.396,174.552,4237.885,1925.11,42.955,120.651,1.628,0.614,0.628
"KSpar",38,8111.937,123.495,83.634,51.098,0.308,157.424,2515.419,1916.3,17.928,116.269,1.477,0.677,0.569
"KSpar",39,16806.07,298.936,71.581,131.644,0.457,295.187,7563.877,1876.652,127.725,84.844,4.176,0.239,0.859
"KSpar",40,19.407,4.971,4.971,0,1,6.23,1700.441,2088.106,135,4.405,1,1,1
"KSpar",41,19.407,4.971,4.971,0,1,6.23,524.229,2118.943,135,4.405,1,1,1
"KSpar",42,46342.836,303.137,194.65,131.354,0.309,470.603,4198.238,2281.938,141.843,229.891,1.557,0.642,0.651
"KSpar",43,1067.36,62.453,21.76,148.789,0.64,65.043,5726.872,2215.859,151.699,25.643,2.87,0.348,0.84
"KSpar",44,2270.566,69.294,41.72,33.762,0.88,71.033,5814.978,2299.559,29.745,44.97,1.661,0.602,0.914
"KSpar",45,310.505,22.792,17.346,162.746,1,25.687,4255.507,2259.912,149.036,17.621,1.314,0.761,0.914
"KSpar",46,37124.726,314.47,150.312,14.189,0.39,357.779,3207.048,2466.96,9.926,220.778,2.092,0.478,0.684
"KSpar",47,23384.89,316.56,94.057,97.284,0.389,332.271,4039.648,2361.233,96.089,133.923,3.366,0.297,0.716
"KSpar",48,2270.566,67.448,42.862,59.281,0.832,73.319,7471.366,2488.987,57.265,46.612,1.574,0.635,0.897
"KSpar",49,58.22,10.417,7.116,45,1,12.46,3933.921,2475.771,45,8.811,1.464,0.683,0.857
"KSpar",50,2581.071,98.053,33.516,62.751,0.469,106.641,7665.198,2603.524,51.71,50.134,2.926,0.342,0.677
"KSpar",51,1086.767,51.74,26.744,74.832,0.661,57.942,8044.053,2696.035,81.254,30.037,1.935,0.517,0.818
"KSpar",52,231985.872,755.805,390.807,157.677,0.162,959.443,3356.828,2665.198,135.372,609.092,1.934,0.517,0.548
"KSpar",53,194.065,18.11,13.644,90,1,19.701,339.207,2696.035,116.565,13.216,1.327,0.753,0.909
"KSpar",54,159056.066,607.279,333.482,5.395,0.223,735.261,7118.943,3039.648,15.285,421.368,1.821,0.549,0.667
"KSpar",55,97.033,13.852,8.919,18.435,1,15.883,4792.952,2792.952,33.69,8.811,1.553,0.644,0.909
"KSpar",56,103863.844,423.481,312.277,107.613,0.629,446.132,4550.661,3400.881,80.91,349.331,1.356,0.737,0.875
"KSpar",57,40482.059,305.553,168.689,75.8,0.562,317.578,1585.903,3422.907,66.28,206.519,1.811,0.552,0.806
"KSpar",58,45062.004,263.661,217.608,93.835,0.418,312.868,5603.524,3158.59,99.728,256.681,1.212,0.825,0.774
"KSpar",59,77.626,9.942,9.942,0,1,12.46,5361.233,3180.617,135,8.811,1,1,1
"KSpar",60,1940.655,86.455,28.58,51.57,0.434,101.417,5008.811,3295.154,55.62,36.693,3.025,0.331,0.678
"KSpar",61,15389.392,146.82,133.458,12.235,0.748,169.989,7281.938,3343.612,31.218,138.314,1.1,0.909,0.9
"KSpar",62,5278.581,133.882,50.2,161.6,0.625,132.525,5352.423,3277.533,158.552,57.699,2.667,0.375,0.873
"KSpar",63,1280.832,48.707,33.482,75.169,0.934,51.563,7493.392,3317.181,70.017,35.242,1.455,0.687,0.904
"KSpar",64,485.164,32.051,19.273,156.128,0.528,39.402,4977.974,3290.749,153.435,26.432,1.663,0.601,0.694
"KSpar",65,38.813,9.942,4.971,90,1,9.851,3704.846,3312.775,116.565,4.405,2,0.5,1
"KSpar",66,1998.874,100.853,25.235,155.76,0.469,102.464,4779.736,3334.802,154.537,29.939,3.997,0.25,0.805
"KSpar",67,108890.14,795.487,174.287,2.863,0.115,1019.231,4370.044,3444.934,176.779,291.977,4.564,0.219,0.436
"KSpar",68,37629.296,255.241,187.709,86.48,0.348,321.616,8418.502,3370.044,103.465,243.411,1.36,0.735,0.703
"KSpar",69,116.439,16.377,9.053,0,0.916,18.163,4903.084,3383.26,165.964,8.811,1.809,0.553,0.857
"KSpar",70,1144.986,41.585,35.057,2.317,0.92,47.446,7312.775,3414.097,21.801,35.242,1.186,0.843,0.894
"KSpar",71,19.407,4.971,4.971,0,1,6.23,7713.656,3383.26,135,4.405,1,1,1
"KSpar",72,20706.786,234.344,112.504,158.361,0.332,273.908,955.947,3440.529,152.199,173.524,2.083,0.48,0.663
"KSpar",73,756.855,33.798,28.513,46.773,1,37.896,8581.498,3427.313,35.538,30.837,1.185,0.844,0.907
"KSpar",74,194.065,20.436,12.091,69.379,0.806,23.723,4603.524,3431.718,68.199,13.216,1.69,0.592,0.833
"KSpar",75,38.813,9.942,4.971,0,1,9.851,5753.304,3440.529,153.435,4.405,2,0.5,1
"KSpar",76,1222.613,42.229,36.863,155.448,0.813,49.253,5674.009,3462.555,153.435,39.648,1.146,0.873,0.869
"KSpar",77,1299365.406,2053.521,805.642,177.938,0.101,2756.182,2775.33,4405.286,8.363,1275.912,2.549,0.392,0.544
"KSpar",78,329.911,26.14,16.069,87.618,0.911,27.861,955.947,3484.581,108.435,17.621,1.627,0.615,0.829
"KSpar",79,21560.675,206.339,133.043,159.084,0.236,309.375,7599.119,3616.74,160.017,200.222,1.551,0.645,0.565
"KSpar",80,19.407,4.971,4.971,0,1,6.23,4356.828,3515.419,135,4.405,1,1,1
"KSpar",81,698.636,35.504,25.054,147.254,0.996,40.615,5784.141,3515.419,139.399,26.432,1.417,0.706,0.947
"KSpar",82,2561.664,70.548,46.232,122.187,0.546,79.417,823.789,3528.634,123.69,58.108,1.526,0.655,0.744
"KSpar",83,28352.966,252.188,143.148,34.611,0.225,312.899,5585.903,3810.573,54.744,212.262,1.762,0.568,0.624
"KSpar",84,19.407,4.971,4.971,0,1,6.23,7638.767,3546.256,135,4.405,1,1,1
"KSpar",85,9916.746,121.167,104.206,134.185,0.796,135.709,907.489,3563.877,125.754,107.3,1.163,0.86,0.924
"KSpar",86,38.813,9.942,4.971,90,1,9.851,4550.661,3590.308,116.565,4.405,2,0.5,1
"KSpar",87,601.603,30.919,24.774,70.259,1,33.55,4585.903,3638.767,66.801,26.432,1.248,0.801,0.886
"KSpar",88,38.813,9.942,4.971,90,1,9.851,4502.203,3629.956,116.565,4.405,2,0.5,1
"KSpar",89,19.407,4.971,4.971,0,1,6.23,4405.286,3660.793,135,4.405,1,1,1
"KSpar",90,6074.249,111.044,69.648,164.361,0.755,116.303,1207.048,3674.009,155.376,73.101,1.594,0.627,0.888
"KSpar",91,5414.427,127.404,54.11,0.228,0.376,133.982,8066.079,3674.009,152.592,70.288,2.355,0.425,0.67
"KSpar",92,19.407,4.971,4.971,0,1,6.23,4625.551,3682.819,135,4.405,1,1,1
"KSpar",93,795.668,38.874,26.061,142.323,0.928,43.61,6951.542,3696.035,135,29.563,1.492,0.67,0.882
"KSpar",94,19.407,4.971,4.971,0,1,6.23,1621.145,3792.952,135,4.405,1,1,1
"KSpar",95,89037.241,475.705,238.311,0.26,0.457,554.786,555.066,3964.758,169.939,313.312,1.996,0.501,0.764
"KSpar",96,2716.917,70.566,49.022,36.593,0.773,75.791,506.608,3925.11,35.538,55.166,1.439,0.695,0.851
"KSpar",97,349259.64,1061.604,418.886,21.291,0.115,1430.857,6982.379,4669.604,21.114,787.11,2.534,0.395,0.456
"KSpar",98,1960.061,71.434,34.936,50.304,0.782,75.019,7713.656,3942.731,49.764,40.495,2.045,0.489,0.882
"KSpar",99,10382.503,120.718,109.507,71.893,0.864,134.776,8176.211,4048.458,78.69,114.946,1.102,0.907,0.92
"KSpar",100,66603.272,327.328,259.073,141.749,0.576,390.98,1995.595,3942.731,146.489,281.332,1.263,0.791,0.851
"KSpar",101,1998.874,64.523,39.444,52.652,0.643,68.813,2422.907,3977.974,39.806,49.903,1.636,0.611,0.752
"KSpar",102,718.042,42.289,21.619,30.028,0.782,45.355,2933.921,3995.595,29.055,25.62,1.956,0.511,0.822
"KSpar",103,1009.14,58.802,21.851,120.438,0.592,66.079,7145.374,3969.163,126.87,28.486,2.691,0.372,0.765
"KSpar",104,950.921,56.022,21.612,105.023,0.652,59.103,3004.405,3991.189,116.565,25.161,2.592,0.386,0.86
"KSpar",105,7723.806,166.666,59.006,157.753,0.266,220.792,7079.295,3995.595,151.39,93.369,2.825,0.354,0.549
"KSpar",106,38.813,9.942,4.971,90,1,9.851,6577.093,4026.432,116.565,4.405,2,0.5,1
"KSpar",107,79120.495,495.142,203.455,96.75,0.107,766.393,2343.612,4035.242,117.007,314.135,2.434,0.411,0.438
"KSpar",108,3842.496,101.334,48.28,118.96,0.599,112.916,5916.3,4052.863,110.556,58.25,2.099,0.476,0.798
"KSpar",109,2833.356,64.644,55.807,111.128,0.856,71.033,6784.141,4083.7,119.745,61.52,1.158,0.863,0.901
"KSpar",110,6248.908,152.279,52.249,57.454,0.555,151.583,2889.868,4224.67,54.462,60.01,2.915,0.343,0.853
"KSpar",111,815.075,39.453,26.305,131.497,0.83,41.792,6656.388,4127.753,161.565,30.323,1.5,0.667,0.808
"KSpar",112,6986.357,150.806,58.985,119.12,0.482,161.561,7079.295,4202.643,115.866,81.614,2.557,0.391,0.71
"KSpar",113,34854.16,308.38,143.906,129.617,0.55,338.548,2127.753,4220.264,122.242,169.75,2.143,0.467,0.841
"KSpar",114,58.22,10.417,7.116,45,1,12.46,2911.894,4251.101,45,8.811,1.464,0.683,0.857
"KSpar",115,3473.772,112.141,39.441,87.509,0.624,107.997,5797.357,4361.233,78.232,44.053,2.843,0.352,0.877
"KSpar",116,2503.445,67.294,47.366,63.942,0.896,68.388,6669.604,4405.286,75.069,49.286,1.421,0.704,0.899
"KSpar",117,329.911,23.689,17.732,7.132,1,25.687,5859.031,4356.828,149.036,17.621,1.336,0.749,0.919
"KSpar",118,698.636,40.691,21.861,153.604,0.726,45.355,5801.762,4396.476,150.945,25.082,1.861,0.537,0.8
"KSpar",119,135.846,13.597,12.721,90,1,15.883,5885.463,4396.476,123.69,13.216,1.069,0.936,0.875
"KSpar",120,5530.866,123.916,56.83,37.409,0.255,180.778,2647.577,4559.471,46.975,83.928,2.18,0.459,0.556
"KSpar",121,1300.239,50.337,32.889,90.814,0.803,55.723,2801.762,4431.718,108.435,34.899,1.531,0.653,0.87
"KSpar",122,6850.511,117.337,74.336,98.698,0.446,127.144,6581.498,4462.555,104.036,88.106,1.578,0.634,0.776
"KSpar",123,873.295,43.893,25.332,42.837,0.764,47.65,6700.441,4506.608,33.69,32.494,1.733,0.577,0.811
"KSpar",124,116.439,13.835,10.716,45,1,15.883,5925.11,4488.987,33.69,12.46,1.291,0.775,0.8
"KSpar",125,756.855,34.252,28.135,22.542,0.929,37.639,4268.722,4519.824,20.556,30.657,1.217,0.821,0.857
"KSpar",126,79275.748,365.273,276.333,15.994,0.535,428.401,1643.172,4766.52,30.256,292.518,1.322,0.757,0.816
"KSpar",127,640.416,31.731,25.697,160.888,0.965,35.517,2757.709,4524.229,150.255,26.432,1.235,0.81,0.904
"KSpar",128,10207.844,145.837,89.121,41.782,0.61,169.246,810.573,4674.009,51.34,98.571,1.636,0.611,0.835
"KSpar",129,1571.93,60.075,33.316,2.095,0.873,59.918,2691.63,4594.714,17.103,30.837,1.803,0.555,0.953
"KSpar",130,10324.283,155.435,84.571,92.127,0.715,164.477,396.476,4599.119,110.376,89.241,1.838,0.544,0.89
"KSpar",131,562.79,27.731,25.84,110.556,0.977,31.767,2572.687,4612.335,123.69,26.432,1.073,0.932,0.906
"KSpar",132,4308.254,82.32,66.635,61.359,0.927,87.442,1515.419,4722.467,40.914,67.785,1.235,0.809,0.943
"KSpar",133,19.407,4.971,4.971,0,1,6.23,6140.969,4810.573,135,4.405,1,1,1
"KSpar",134,27072.134,259.295,132.935,116.004,0.363,343.33,7563.877,4832.599,123.486,176.501,1.951,0.513,0.644
"KSpar",135,97576.122,438.271,283.472,92.208,0.346,525.135,5066.079,5361.233,86.634,357.87,1.546,0.647,0.691
"KSpar",136,19.407,4.971,4.971,0,1,6.23,3185.022,4845.815,135,4.405,1,1,1
"KSpar",137,653107.959,1536.929,541.055,3.672,0.089,1898.862,2801.762,5273.128,0.798,904.314,2.841,0.352,0.497
"KSpar",138,19.407,4.971,4.971,0,1,6.23,7550.661,4894.273,135,4.405,1,1,1
"KSpar",139,22298.123,235.928,120.337,72.414,0.305,294.067,7101.322,4929.515,98.616,154.185,1.961,0.51,0.664
"KSpar",140,1240815.851,2247.888,702.818,72.01,0.132,2683.337,898.678,7462.555,68.827,1043.785,3.198,0.313,0.587
"KSpar",141,194.065,18.11,13.644,2.6e-14,1,19.701,6982.379,5022.026,153.435,13.216,1.327,0.753,0.909
"KSpar",142,19.407,4.971,4.971,0,1,6.23,2903.084,5026.432,135,4.405,1,1,1
"KSpar",143,2192.94,63.161,44.207,172.417,0.952,65.489,7202.643,5066.079,160.346,44.053,1.429,0.7,0.93
"KSpar",144,16398.533,217.333,96.07,38.014,0.508,235.302,7259.912,5273.128,51.843,117.514,2.262,0.442,0.781
"KSpar",145,77.626,9.942,9.942,0,1,12.46,7158.59,5101.322,135,8.811,1,1,1
"KSpar",146,5899.591,140.162,53.592,76.43,0.607,140.002,2079.295,5303.965,77.276,62.545,2.615,0.382,0.854
"KSpar",147,465.757,27.834,21.305,17.742,1,31.767,7418.502,5198.238,33.69,22.026,1.306,0.765,0.906
"KSpar",148,407.538,25.797,20.115,162.42,1,29.552,6911.894,5215.859,153.435,22.026,1.282,0.78,0.84
"KSpar",149,950.921,60.723,19.939,103.586,0.618,61.359,7167.401,5211.454,111.038,23.341,3.045,0.328,0.838
"KSpar",150,38.813,9.942,4.971,90,1,9.851,7127.753,5224.67,116.565,4.405,2,0.5,1
"KSpar",151,349.318,23.874,18.63,118.672,0.895,28.208,7136.564,5237.885,128.66,21.678,1.282,0.78,0.878
"KSpar",152,62314.425,405.159,195.828,101.305,0.246,568.419,5268.722,5308.37,104.359,267.571,2.069,0.483,0.616
"KSpar",153,3531.992,86.52,51.977,121.93,0.803,90.817,1881.057,5356.828,112.834,58.368,1.665,0.601,0.892
"KSpar",154,853.888,34.769,31.27,110.137,0.996,37.896,1823.789,5449.339,125.538,30.837,1.112,0.899,0.898
"KSpar",155,19.407,4.971,4.971,0,1,6.23,4511.013,5444.934,135,4.405,1,1,1
"KSpar",156,374701.624,901.774,529.051,141.003,0.268,1135.411,4348.018,5453.744,129.806,687.312,1.705,0.587,0.658
"KSpar",157,3493.179,100.512,44.25,166.168,0.693,101.704,5048.458,5480.176,162.35,49.532,2.271,0.44,0.874
"KSpar",158,3784.277,78.372,61.48,159.024,0.767,88.655,2193.833,5519.824,153.435,70.485,1.275,0.784,0.89
"KSpar",159,2872.169,110.548,33.08,156.672,0.518,114.283,4726.872,5519.824,152.447,42.04,3.342,0.299,0.771
"KSpar",160,6734.072,164.806,52.025,126.475,0.579,160.355,3440.529,5559.471,127.185,61.159,3.168,0.316,0.835
"KSpar",161,19.407,4.971,4.971,0,1,6.23,4585.903,5555.066,135,4.405,1,1,1
"KSpar",162,38366.745,290.278,168.287,57.111,0.614,332.475,7744.493,5872.247,57.995,171.847,1.725,0.58,0.877
"KSpar",163,15893.963,225.233,89.848,108.379,0.626,224.67,1863.436,5651.982,118.072,101.21,2.507,0.399,0.887
"KSpar",164,23656.582,203.011,148.369,45.137,0.401,260.918,2070.485,5894.273,11.689,194.997,1.368,0.731,0.632
"KSpar",165,17698.772,203.372,110.806,47.015,0.499,239.552,3365.639,5960.352,57.771,141.669,1.835,0.545,0.756
"KSpar",166,161850.608,668.067,308.464,19.545,0.395,678.643,92.511,6070.485,1.488,420.99,2.166,0.462,0.678
"KSpar",167,12284.345,167.041,93.635,10.101,0.777,179.755,3616.74,6145.374,17.103,100.168,1.784,0.561,0.935
"KSpar",168,156610.84,579.577,344.049,127.138,0.421,679.329,2814.978,6158.59,146.104,437.187,1.685,0.594,0.722
"KSpar",169,13778.649,134.942,130.008,168.997,0.722,161.741,2365.639,6273.128,29.358,140.3,1.038,0.963,0.894
"KSpar",170,4017.155,99.493,51.409,33.853,0.768,105.082,7894.273,6325.991,33.024,56.07,1.935,0.517,0.92
"KSpar",171,77.626,12.044,8.206,0,1,13.931,8572.687,6334.802,161.565,8.811,1.468,0.681,0.8
"KSpar",172,19464.767,161.498,153.459,166.648,0.656,177.2,7775.33,6383.26,124.875,162.692,1.052,0.95,0.89
"KSpar",173,38.813,11.435,4.322,135,0.785,12.46,5859.031,6378.855,135,6.23,2.646,0.378,0.667
"KSpar",174,19.407,4.971,4.971,0,1,6.23,8321.586,6396.476,135,4.405,1,1,1
"KSpar",175,42151.022,356.542,150.525,157.855,0.333,445.871,3885.463,6471.366,150.396,220.874,2.369,0.422,0.651
"KSpar",176,19.407,4.971,4.971,0,1,6.23,3392.07,6497.797,135,4.405,1,1,1
"KSpar",177,70290.516,353.484,253.184,45.318,0.42,403.799,3392.07,6907.489,83.108,324.818,1.396,0.716,0.722
"KSpar",178,59364.63,355.682,212.509,129.629,0.424,451.945,4484.581,6555.066,136.975,278.48,1.674,0.597,0.724
"KSpar",179,30798.191,296.374,132.311,10.811,0.32,360.938,52.863,6726.872,19.983,191.603,2.24,0.446,0.601
"KSpar",180,21269.576,175.496,154.313,61.267,0.458,256.643,2356.828,6810.573,50.572,194.002,1.137,0.879,0.719
"KSpar",181,32603,276.25,150.267,119.898,0.367,377.983,7352.423,6612.335,126.469,213.875,1.838,0.544,0.666
"KSpar",182,19600.613,190.266,131.165,154.429,0.458,232.146,7149.78,6696.035,146.611,177.192,1.451,0.689,0.714
"KSpar",183,14127.967,215.707,83.392,144.367,0.346,272.452,352.423,6709.251,140.906,123.804,2.587,0.387,0.606
"KSpar",184,25674.863,254.551,128.423,102.105,0.172,341.942,1784.141,6828.194,128.199,185.005,1.982,0.505,0.54
"KSpar",185,16553.785,184.133,114.466,130.282,0.482,226.047,4422.907,6788.546,146.929,133.541,1.609,0.622,0.735
"KSpar",186,38.813,9.942,4.971,90,1,9.851,2555.066,6837.004,116.565,4.405,2,0.5,1
"KSpar",187,659.823,40.608,20.688,119.652,0.685,47.65,4651.982,6885.463,123.69,25.082,1.963,0.509,0.773
"KSpar",188,7102.796,215.841,41.899,30.329,0.285,222.369,7938.326,7008.811,33.69,63.068,5.151,0.194,0.633
"KSpar",189,2037.688,64.167,40.433,157.632,0.823,67.244,4158.59,6898.678,148.392,44.604,1.587,0.63,0.871
"KSpar",190,19.407,4.971,4.971,0,1,6.23,1792.952,6911.894,135,4.405,1,1,1
"KSpar",191,19.407,4.971,4.971,0,1,6.23,1647.577,6916.3,135,4.405,1,1,1
"KSpar",192,19.407,4.971,4.971,0,1,6.23,1991.189,6969.163,135,4.405,1,1,1
"KSpar",193,38.813,9.942,4.971,90,1,9.851,4185.022,6986.784,116.565,4.405,2,0.5,1
"KSpar",194,63187.72,389.471,206.57,61.364,0.348,446.001,7629.956,7378.855,57.095,262.991,1.885,0.53,0.72
"KSpar",195,2833.356,71.613,50.376,35.534,0.68,77.937,4392.07,7083.7,42.709,61.214,1.422,0.703,0.846
"KSpar",196,18009.276,173.799,131.935,57.39,0.826,184.444,6960.352,7202.643,49.844,137.183,1.317,0.759,0.947
"KSpar",197,155.252,19.576,10.098,125.355,0.914,22.026,6299.559,7061.674,126.87,12.46,1.939,0.516,0.842
"KSpar",198,718.042,33.314,27.444,88.51,0.948,37.639,8039.648,7110.132,69.444,26.432,1.214,0.824,0.892
"KSpar",199,77.626,9.942,9.942,0,1,12.46,8000,7132.159,135,8.811,1,1,1
"KSpar",200,3143.861,92.1,43.462,130.885,0.715,97.016,8035.242,7158.59,129.472,51.274,2.119,0.472,0.885
"KSpar",201,19.407,4.971,4.971,0,1,6.23,8581.498,7154.185,135,4.405,1,1,1
"KSpar",202,19.407,4.971,4.971,0,1,6.23,1792.952,7189.427,135,4.405,1,1,1
"KSpar",203,97.033,13.852,8.919,161.565,1,15.883,6378.855,7202.643,146.31,8.811,1.553,0.644,0.909
"KSpar",204,58.22,14.913,4.971,90,0.809,13.931,7687.225,7202.643,108.435,4.405,3,0.333,1
"KSpar",205,19.407,4.971,4.971,0,1,6.23,8422.907,7308.37,135,4.405,1,1,1
"KSpar",206,135.846,13.597,12.721,0,1,15.883,6537.445,7400.881,123.69,13.216,1.069,0.936,0.875
"KSpar",207,77.626,14.677,6.734,63.435,0.393,19.701,8603.524,7444.934,63.435,11.151,2.179,0.459,0.5
"KSpar",208,97.033,16.887,7.316,45,0.873,18.69,8449.339,7480.176,45,9.345,2.308,0.433,0.769
"KSpar",209,5918.997,133.999,56.241,124.793,0.485,150.684,4735.683,7515.419,127.875,67.852,2.383,0.42,0.784
"KSpar",210,38.813,9.942,4.971,90,1,9.851,5079.295,7541.85,116.565,4.405,2,0.5,1
"KSpar",211,77.626,9.942,9.942,0,1,12.46,4845.815,7660.793,135,8.811,1,1,1
"KSpar",212,19.407,4.971,4.971,0,1,6.23,3876.652,7674.009,135,4.405,1,1,1
"KSpar",213,23811.834,231.46,130.987,32.364,0.266,298.131,4660.793,7867.841,34.16,210.043,1.767,0.566,0.533
"KSpar",214,19.407,4.971,4.971,0,1,6.23,3885.463,7678.414,135,4.405,1,1,1
"KSpar",215,3861.903,98.809,49.764,16.373,0.579,116.303,3000,7823.789,24.624,61.381,1.986,0.504,0.821
"KSpar",216,38.813,9.942,4.971,90,1,9.851,4735.683,8154.185,116.565,4.405,2,0.5,1
"KSpar",217,19.407,4.971,4.971,0,1,6.23,5766.52,8312.775,135,4.405,1,1,1
"KSpar",218,2852.763,93.254,38.95,148.848,0.643,95.301,5198.238,8330.396,146.31,46.018,2.394,0.418,0.792
"KSpar",219,58.22,14.153,5.238,118.155,0.643,15.883,5185.022,8325.991,123.69,7.885,2.702,0.37,0.667
"KSpar",220,12264.938,154.152,101.304,101.06,0.674,167.748,8572.687,8546.256,76.329,116.498,1.522,0.657,0.845
"KSpar",221,601.603,49.41,15.503,98.027,0.608,49.253,8281.938,8422.907,100.305,17.621,3.187,0.314,0.838
"KSpar",222,446.351,32.115,17.696,89.035,0.775,36.327,8665.198,8458.15,75.964,17.621,1.815,0.551,0.852
"KSpar",223,5414.427,90.254,76.383,121.577,0.643,103.219,5092.511,8462.555,129.806,81.582,1.182,0.846,0.84
"KSpar",224,135.846,13.597,12.721,90,1,15.883,8471.366,8462.555,123.69,13.216,1.069,0.936,0.875
"Quartz",1,17504.706,246.277,90.499,6.571,0.59,251.14,4290.749,136.564,15.255,104.033,2.721,0.367,0.861
"Quartz",2,19212.482,186.78,130.967,157.186,0.473,234.972,6167.401,70.485,149.589,172.979,1.426,0.701,0.709
"Quartz",3,795.668,34.765,29.141,134.999,1,37.896,6431.718,132.159,125.538,30.837,1.193,0.838,0.932
"Quartz",4,226978.983,632.623,456.826,22.678,0.513,721.835,6546.256,674.009,29.224,556.436,1.385,0.722,0.831
"Quartz",5,5608.492,105.701,67.558,166.37,0.87,112.572,4176.211,189.427,149.421,66.079,1.565,0.639,0.968
"Quartz",6,226998.389,666.685,433.523,78,0.346,764.606,171.806,969.163,78.366,548.825,1.538,0.65,0.747
"Quartz",7,13933.901,252.847,70.166,156.812,0.403,258.114,1594.714,233.48,152.56,94.685,3.604,0.278,0.723
"Quartz",8,19348.328,166.618,147.854,102.892,0.708,181.635,6030.837,396.476,50.906,165.472,1.127,0.887,0.861
"Quartz",9,7238.642,104.761,87.977,148.731,0.914,109.425,4295.154,317.181,139.899,92.511,1.191,0.84,0.948
"Quartz",10,2076.501,52.486,50.373,133.081,0.953,59.267,4136.564,339.207,131.987,48.458,1.042,0.96,0.951
"Quartz",11,3318.52,70.665,59.793,31.119,0.954,75.791,3832.599,400.881,35.538,61.674,1.182,0.846,0.94
"Quartz",12,18901.978,250.532,96.062,80.698,0.365,321.827,8466.96,674.009,70.821,132.159,2.608,0.383,0.694
"Quartz",13,68776.805,465.753,188.017,127.322,0.472,498.499,1211.454,374.449,123.83,227.292,2.477,0.404,0.81
"Quartz",14,2173.533,57.022,48.532,114.862,0.985,61.2,4083.7,374.449,120.256,48.458,1.175,0.851,0.949
"Quartz",15,5162.142,129.82,50.629,163.481,0.524,142.203,1568.282,400.881,163.811,57.121,2.564,0.39,0.822
"Quartz",16,53775.544,378.11,181.083,58.854,0.601,386.186,898.678,740.088,64.312,213.298,2.088,0.479,0.855
"Quartz",17,221913.874,637.811,442.999,67.945,0.549,696.704,5629.956,1048.458,57.918,538.348,1.44,0.695,0.852
"Quartz",18,5181.548,109.335,60.341,5.914,0.727,111.446,4207.048,458.15,18.435,66.079,1.812,0.552,0.884
"Quartz",19,13836.869,235.985,74.656,162.939,0.254,291.316,4035.242,414.097,159.647,108.743,3.161,0.316,0.575
"Quartz",20,14127.967,184.695,97.395,118.062,0.74,195.626,6383.26,418.502,125.838,110.621,1.896,0.527,0.93
"Quartz",21,7199.829,105.412,86.964,153.486,0.922,113.687,3779.736,444.934,144.462,88.106,1.212,0.825,0.959
"Quartz",22,718.042,32.275,28.327,99.268,1,35.517,3894.273,444.934,119.745,26.432,1.139,0.878,0.937
"Quartz",23,8888.199,146.268,77.37,119.106,0.631,160.355,4039.648,506.608,110.925,91.042,1.89,0.529,0.835
"Quartz",24,2716.917,64.652,53.507,136.021,0.995,69.654,4396.476,519.824,145.305,56.07,1.208,0.828,0.949
"Quartz",25,1668.963,50.444,42.126,1.963,0.96,53.229,3770.925,577.093,24.444,39.648,1.197,0.835,0.945
"Quartz",26,1552.524,47.356,41.742,66.838,0.939,53.047,4088.106,585.903,41.634,39.648,1.135,0.881,0.947
"Quartz",27,29148.635,224.897,165.023,142.76,0.79,249.901,3515.419,555.066,130.711,177.736,1.363,0.734,0.928
"Quartz",28,3066.235,71.236,54.805,61.805,0.891,78.434,4123.348,665.198,51.843,57.269,1.3,0.769,0.935
"Quartz",29,5511.46,118.122,59.408,161.258,0.792,120.322,4295.154,634.361,156.251,65.022,1.988,0.503,0.945
"Quartz",30,1474.898,47.319,39.686,115.822,0.996,51.374,4233.48,638.767,120.964,39.648,1.192,0.839,0.944
"Quartz",31,1008868.792,1481.801,866.872,79.311,0.266,1778.105,1651.982,2453.744,83.456,1209.437,1.709,0.585,0.673
"Quartz",32,1552.524,46.744,42.288,90.325,0.973,51.374,4088.106,735.683,59.036,39.648,1.105,0.905,0.952
"Quartz",33,2716.917,67.014,51.62,112.615,0.942,71.033,4259.912,700.441,119.745,52.863,1.298,0.77,0.943
"Quartz",34,892.701,36.928,30.779,26.494,0.992,41.559,3246.696,731.278,32.005,30.837,1.2,0.833,0.92
"Quartz",35,3551.398,80.381,56.255,155.022,0.931,84.737,4132.159,718.062,152.103,59.842,1.429,0.7,0.936
"Quartz",36,23501.329,245.805,121.734,73.689,0.628,270.163,3929.515,1088.106,65.943,139.33,2.019,0.495,0.867
"Quartz",37,18727.319,172.398,138.31,6.402,0.821,185.703,3651.982,947.137,22.306,140.969,1.246,0.802,0.96
"Quartz",38,54532.399,290.993,238.607,151.839,0.729,316.507,6229.075,1061.674,124.796,270.823,1.22,0.82,0.915
"Quartz",39,9936.152,132.6,95.408,6.317,0.836,143.493,6792.952,1127.753,17.879,105.727,1.39,0.72,0.912
"Quartz",40,663160.55,1450.266,582.212,178.962,0.195,1630.551,3378.855,1471.366,1.548,792.515,2.491,0.401,0.707
"Quartz",41,96159.444,412.648,296.703,121.323,0.461,488.113,6797.357,1427.313,143.44,340.742,1.391,0.719,0.854
"Quartz",42,104872.984,482.724,276.614,171.354,0.587,488.907,1969.163,1480.176,155.513,293.972,1.745,0.573,0.916
"Quartz",43,467076.792,1070.611,555.478,163.562,0.298,1288.544,5044.053,1797.357,166.154,733.652,1.927,0.519,0.677
"Quartz",44,1455.491,44.095,42.027,135.017,0.926,53.047,6757.709,1493.392,138.366,39.648,1.049,0.953,0.968
"Quartz",45,8441.848,125.901,85.373,14.03,0.863,128.435,6528.634,1607.93,22.166,87.62,1.475,0.678,0.945
"Quartz",46,1571.93,59.438,33.673,82.428,0.832,61.359,6343.612,1599.119,68.962,35.242,1.765,0.567,0.91
"Quartz",47,24646.316,222.225,141.211,33.247,0.781,234.848,6621.145,1682.819,23.199,156.032,1.574,0.635,0.931
"Quartz",48,42907.877,407.956,133.917,76.954,0.515,408.149,6396.476,2013.216,76.264,172.469,3.046,0.328,0.82
"Quartz",49,2289.973,57.593,50.626,105.358,0.948,63.534,6308.37,1674.009,123.69,48.458,1.138,0.879,0.959
"Quartz",50,817248.54,1285.054,809.735,143.894,0.289,1498.866,6259.912,2176.211,156.072,1036.231,1.587,0.63,0.711
"Quartz",51,12711.289,149.478,108.273,101.916,0.866,152.158,3422.907,1700.441,112.109,110.838,1.381,0.724,0.94
"Quartz",52,90065.788,451.169,254.174,133.299,0.73,451.322,7625.551,1713.656,128.66,272.935,1.775,0.563,0.928
"Quartz",53,4055.968,77.533,66.606,1.917,0.899,83.119,484.581,1726.872,147.995,66.079,1.164,0.859,0.944
"Quartz",54,8829.979,107.09,104.983,45.213,0.927,116.303,2127.753,1863.436,37.304,101.322,1.02,0.98,0.964
"Quartz",55,72541.676,356.216,259.289,11.236,0.675,390.508,2960.352,1995.595,11.056,284.673,1.374,0.728,0.873
"Quartz",56,291.098,20.524,18.058,45.001,1,24.92,3286.344,1850.22,45,17.621,1.137,0.88,0.968
"Quartz",57,129771.585,514.093,321.402,97.432,0.597,560.996,682.819,1850.22,103.163,355.558,1.6,0.625,0.884
"Quartz",58,206796.173,863.989,304.751,34.81,0.311,915.728,3590.308,2515.419,31.626,392.985,2.835,0.353,0.804
"Quartz",59,17931.65,235.235,97.057,115.906,0.495,238.252,4647.577,2052.863,123.69,139.589,2.424,0.413,0.75
"Quartz",60,7684.993,120.265,81.361,164.703,0.868,124.678,422.907,2066.079,147.995,82.471,1.478,0.677,0.954
"Quartz",61,13293.485,155.766,108.661,30.407,0.851,159.627,5387.665,2229.075,27.979,109.932,1.434,0.698,0.933
"Quartz",62,892.701,36.207,31.393,107.262,1,39.402,5339.207,2167.401,116.565,30.837,1.153,0.867,0.929
"Quartz",63,4308.254,87.605,62.616,89.452,0.907,89.2,4629.956,2268.722,69.775,61.674,1.399,0.715,0.945
"Quartz",64,4075.375,86.396,60.06,3.244,0.912,88.655,348.018,2273.128,26.565,57.269,1.438,0.695,0.959
"Quartz",65,3900.716,83.989,59.133,175.778,0.924,86.55,4859.031,2308.37,165.256,57.269,1.42,0.704,0.948
"Quartz",66,11178.172,145.928,97.531,36.649,0.849,150.039,4678.414,2422.907,40.236,102.795,1.496,0.668,0.942
"Quartz",67,13332.298,221.839,76.52,13.798,0.549,222.892,5453.744,2449.339,18.435,89.473,2.899,0.345,0.839
"Quartz",68,217993.751,545.892,508.449,98.709,0.543,649.388,5770.925,2378.855,106.96,516.978,1.074,0.931,0.85
"Quartz",69,1474.898,63.172,29.727,36.868,0.77,66.079,5127.753,2480.176,36.87,36.693,2.125,0.471,0.844
"Quartz",70,13235.266,143.566,117.379,83.295,0.874,146.637,4828.194,2462.555,122.735,117.338,1.223,0.818,0.952
"Quartz",71,7258.049,146.181,63.218,115.739,0.708,146.439,2255.507,2488.987,111.161,71.819,2.312,0.432,0.899
"Quartz",72,3842.496,107.076,45.691,170.864,0.69,107.276,5123.348,2511.013,160.821,48.458,2.343,0.427,0.904
"Quartz",73,3027.421,69.418,55.528,124.304,0.959,75.791,2458.15,2709.251,125.538,57.269,1.25,0.8,0.954
"Quartz",74,3784.277,70.461,68.382,171.163,0.947,75.791,2299.559,2757.709,125.538,66.079,1.03,0.97,0.938
"Quartz",75,246016.806,733.205,427.218,146.991,0.614,763.082,4665.198,2991.189,155.802,484.17,1.716,0.583,0.892
"Quartz",76,14865.416,271.15,69.804,68.311,0.444,264.354,6387.665,3074.89,66.425,89.176,3.884,0.257,0.765
"Quartz",77,33864.426,240.765,179.086,174.284,0.822,258.564,7480.176,2916.3,171.18,187.193,1.344,0.744,0.937
"Quartz",78,189912.476,564.426,428.407,92.954,0.704,600.429,8171.806,3444.934,71.166,442.184,1.318,0.759,0.899
"Quartz",79,1190785.771,1692.918,895.587,11.916,0.223,1924.914,2281.938,3872.247,10.95,1265.441,1.89,0.529,0.641
"Quartz",80,29303.887,206.819,180.403,42.424,0.736,237.109,6145.374,3105.727,54.834,186.726,1.146,0.872,0.915
"Quartz",81,12788.915,136.097,119.645,0.115,0.91,143.426,7392.07,3070.485,169.38,123.348,1.138,0.879,0.95
"Quartz",82,44479.807,329.644,171.802,42.262,0.573,359.321,6643.172,3290.749,40.525,198.859,1.919,0.521,0.872
"Quartz",83,465.757,29.825,19.883,90,0.967,31.767,5933.921,3061.674,123.69,17.621,1.5,0.667,1
"Quartz",84,13992.121,141.766,125.667,33.633,0.865,154.185,6365.639,3229.075,53.13,130.462,1.128,0.886,0.943
"Quartz",85,3318.52,80.474,52.505,138.527,0.879,87.442,6171.806,3145.374,130.914,57.602,1.533,0.652,0.934
"Quartz",86,1203.206,44.686,34.283,56.852,0.984,50.228,6189.427,3299.559,52.125,35.242,1.303,0.767,0.954
"Quartz",87,18222.748,178.938,129.664,68.951,0.383,248.108,7660.793,3572.687,83.884,185.022,1.38,0.725,0.655
"Quartz",88,1106.173,38.252,36.82,124.23,1,44.053,6083.7,3361.233,126.87,35.242,1.039,0.963,0.95
"Quartz",89,7063.983,109.544,82.105,132.558,0.85,118.534,7361.233,3405.286,131.987,88.699,1.334,0.75,0.931
"Quartz",90,3027.421,75.3,51.191,29.001,0.892,79.417,6374.449,3466.96,33.69,53.217,1.471,0.68,0.926
"Quartz",91,174.659,14.913,14.913,0,1,18.69,6559.471,3462.555,135,13.216,1,1,1
"Quartz",92,142871.005,509.119,357.301,6.936,0.392,532.511,5096.916,3792.952,16.336,404.687,1.425,0.702,0.845
"Quartz",93,38153.273,254.154,191.137,168.099,0.71,275.039,6607.93,3515.419,148.092,215.859,1.33,0.752,0.9
"Quartz",94,3473.772,77.11,57.359,73.636,0.907,83.119,6493.392,3572.687,57.995,57.269,1.344,0.744,0.952
"Quartz",95,271.692,21.361,16.195,135,1,24.92,5105.727,3515.419,135,17.621,1.319,0.758,0.933
"Quartz",96,53969.609,320.495,214.407,84.619,0.792,327.328,7008.811,3837.004,61.02,217.779,1.495,0.669,0.954
"Quartz",97,241514.487,917.71,335.08,16.171,0.394,975.4,5651.982,3925.11,11.462,406.975,2.739,0.365,0.785
"Quartz",98,333152.206,1092.042,388.431,39.403,0.27,1435.15,308.37,4845.815,38.77,524.994,2.811,0.356,0.652
"Quartz",99,142851.598,590.333,308.105,49.179,0.57,616.756,8127.753,4308.37,27.663,354.468,1.916,0.522,0.832
"Quartz",100,1189485.532,1623.399,932.919,132.46,0.139,2068.684,1889.868,3977.974,121.592,1363.442,1.74,0.575,0.599
"Quartz",101,7199.829,140.821,65.097,112.034,0.721,139.307,4114.537,3977.974,108.435,72.941,2.163,0.462,0.883
"Quartz",102,14399.658,186.341,98.391,93.026,0.623,200.96,7414.097,3982.379,116.003,105.727,1.894,0.528,0.881
"Quartz",103,315802.752,887.976,452.819,93.825,0.458,1007.049,3585.903,5387.665,83.217,537.129,1.961,0.51,0.817
"Quartz",104,121193.891,579.332,266.357,98.207,0.302,676.079,7114.537,4497.797,94.485,386.414,2.175,0.46,0.668
"Quartz",105,40637.311,291.795,177.32,14.858,0.709,304.507,1022.026,4709.251,14.237,200.336,1.646,0.608,0.894
"Quartz",106,450425.974,1238.032,463.235,148.349,0.31,1426.15,4594.714,4735.683,159.382,654.839,2.673,0.374,0.67
"Quartz",107,55192.222,388.707,180.786,99.006,0.541,397.405,4427.313,4696.035,121.399,207.579,2.15,0.465,0.853
"Quartz",108,51854.296,316.336,208.711,120.611,0.664,350.795,7995.595,4889.868,125.287,213.497,1.516,0.66,0.908
"Quartz",109,454249.064,1165.899,496.07,94.811,0.289,1265.107,784.141,4911.894,95.194,570.279,2.35,0.425,0.799
"Quartz",110,1203.206,44.486,34.437,107.268,1,47.446,321.586,4929.515,111.801,35.242,1.292,0.774,0.912
"Quartz",111,312717.111,770.326,516.877,101.946,0.346,926.337,4779.736,4973.568,104.036,678.13,1.49,0.671,0.759
"Quartz",112,950.921,36.947,32.77,9.802,1,40.615,8.811,5017.621,40.601,30.837,1.127,0.887,0.942
"Quartz",113,459294.766,1064.343,549.44,113.43,0.339,1234.817,6634.361,5167.401,132.397,724.545,1.937,0.516,0.711
"Quartz",114,73143.279,452.479,205.819,20.387,0.509,469.716,7202.643,5352.423,20.304,251.274,2.198,0.455,0.784
"Quartz",115,6772.885,137.809,62.576,27.675,0.739,142.066,17.621,5211.454,29.745,67.01,2.202,0.454,0.926
"Quartz",116,815.075,37.07,27.995,81.351,1,39.402,44.053,5273.128,63.435,26.432,1.324,0.755,0.944
"Quartz",117,15680.491,184.831,108.018,27.603,0.77,197.01,1110.132,5396.476,26.565,121.45,1.711,0.584,0.933
"Quartz",118,11876.807,160.203,94.393,105.299,0.733,165.594,6577.093,5418.502,118.61,109.35,1.697,0.589,0.906
"Quartz",119,18921.384,199.279,120.893,99.265,0.721,206.861,1528.634,5458.15,116.565,139.5,1.648,0.607,0.918
"Quartz",120,71086.184,310.981,291.046,3.104,0.738,344.092,4123.348,5713.656,18.667,298.503,1.068,0.936,0.914
"Quartz",121,13429.331,152.024,112.474,74.051,0.864,163.708,7814.978,5678.414,66.194,114.537,1.352,0.74,0.953
"Quartz",122,815.075,37.07,27.995,81.351,1,39.402,35.242,5643.172,63.435,26.432,1.324,0.755,0.944
"Quartz",123,16553.785,261.911,80.474,149.825,0.519,266.146,1268.722,5621.145,151.314,97.262,3.255,0.307,0.823
"Quartz",124,487453.667,1181.15,525.459,98.336,0.253,1347.103,3709.251,5634.361,108.494,666.153,2.248,0.445,0.664
"Quartz",125,40287.993,262.771,195.213,138.899,0.705,289.88,6167.401,5806.167,126.347,219.664,1.346,0.743,0.915
"Quartz",126,556327.505,1193.815,593.34,9.088,0.26,1402.632,4207.048,6074.89,172.964,879.894,2.012,0.497,0.61
"Quartz",127,31031.07,215.443,183.389,63.251,0.858,234.475,6515.419,6088.106,64.398,185.022,1.175,0.851,0.964
"Quartz",128,7122.203,124.713,72.713,171.022,0.66,134.488,4740.088,6022.026,148.392,79.241,1.715,0.583,0.867
"Quartz",129,3415.552,89.226,48.74,99.713,0.799,93.346,1453.744,6052.863,109.29,48.458,1.831,0.546,0.926
"Quartz",130,912.108,35.965,32.29,10.045,1,39.402,4612.335,6088.106,26.565,30.837,1.114,0.898,0.931
"Quartz",131,30953.444,254.338,154.956,122.671,0.445,275.955,6475.771,6096.916,106.699,186.357,1.641,0.609,0.759
"Quartz",132,109724.621,626.346,223.049,156.777,0.496,636.819,383.26,6290.749,160.186,242.488,2.808,0.356,0.871
"Quartz",133,75549.69,333.913,288.078,134.132,0.813,362.895,6977.974,6334.802,146.889,291.501,1.159,0.863,0.95
"Quartz",134,5511.46,106.524,65.876,104.445,0.88,108.803,1140.969,6255.507,111.371,66.079,1.617,0.618,0.959
"Quartz",135,14127.967,191.511,93.928,160.207,0.728,201.105,6264.317,6330.396,151.189,105.019,2.039,0.49,0.927
"Quartz",136,210017.66,736.88,362.885,86.113,0.298,810.872,7343.612,7145.374,60.371,526.659,2.031,0.492,0.654
"Quartz",137,18300.375,213.833,108.967,74.009,0.405,225.833,3348.018,6660.793,69.444,148.772,1.962,0.51,0.697
"Quartz",138,4502.319,84.918,67.507,45.947,0.94,90.817,6458.15,6519.824,39.094,71.645,1.258,0.795,0.947
"Quartz",139,8150.75,138.27,75.055,143.722,0.799,142.951,6590.308,6515.419,146.31,81.859,1.842,0.543,0.935
"Quartz",140,12012.653,132.54,115.399,16.942,0.862,142.951,6907.489,6638.767,33.69,118.943,1.149,0.871,0.941
"Quartz",141,1358.458,42.577,40.624,16.425,0.968,47.65,6352.423,6559.471,146.31,39.648,1.048,0.954,0.94
"Quartz",142,52785.81,350.756,191.612,24.766,0.494,413.839,17.621,6841.41,25.201,246.761,1.831,0.546,0.763
"Quartz",143,1494.304,50.83,37.431,136.675,0.993,53.773,6488.987,6594.714,124.992,40.495,1.358,0.736,0.922
"Quartz",144,75083.933,331.835,288.094,120.826,0.824,346.453,8052.863,6687.225,131.392,303.815,1.152,0.868,0.947
"Quartz",145,386559.025,737.53,667.338,1.057,0.34,884.234,2546.256,6982.379,4.858,770.271,1.105,0.905,0.749
"Quartz",146,1397.271,47.293,37.618,0.099,0.958,51.374,3603.524,6678.414,149.036,35.242,1.257,0.795,0.954
"Quartz",147,13118.826,205.892,81.127,113.034,0.654,209.286,1013.216,6775.33,120.343,90.494,2.538,0.394,0.887
"Quartz",148,151681.577,518.939,372.157,41.913,0.569,587.739,207.048,7277.533,40.135,411.913,1.394,0.717,0.897
"Quartz",149,10925.886,125.907,110.488,101.682,0.9,130.979,788.546,6876.652,109.654,112.844,1.14,0.878,0.953
"Quartz",150,347687.71,789.005,561.073,137.704,0.292,1051.84,5361.233,7365.639,150.106,673.338,1.406,0.711,0.701
"Quartz",151,10479.536,139.034,95.969,113.64,0.805,144.303,973.568,7039.648,121.264,104.396,1.449,0.69,0.92
"Quartz",152,109996.313,477.869,293.075,101.973,0.737,481.286,1171.806,7193.833,113.749,303.559,1.631,0.613,0.935
"Quartz",153,244017.932,846.998,366.817,63.309,0.501,929.296,3925.11,8066.079,58.57,409.768,2.309,0.433,0.875
"Quartz",154,75180.966,484.653,197.509,83.834,0.53,486.58,744.493,7806.167,84.806,246.84,2.454,0.408,0.851
"Quartz",155,19969.338,220.538,115.29,108.326,0.648,227.588,2643.172,7440.529,104.574,128.92,1.913,0.523,0.87
"Quartz",156,51912.515,294.044,224.786,0.063,0.801,330.25,7788.546,7647.577,170.789,233.222,1.308,0.764,0.953
"Quartz",157,11391.644,185.224,78.307,51.692,0.709,190.653,894.273,7718.062,49.686,81.79,2.365,0.423,0.93
"Quartz",158,601.603,28.465,26.91,120.964,1,31.767,2770.925,7612.335,123.69,26.432,1.058,0.945,0.925
"Quartz",159,10421.316,149.783,88.587,18.226,0.736,163.471,162.996,7704.846,14.036,100.868,1.691,0.591,0.897
"Quartz",160,22104.058,186.803,150.66,71.711,0.774,208.915,2519.824,7955.947,65.056,157.563,1.24,0.807,0.913
"Quartz",161,181916.979,594.489,389.618,116.515,0.43,660.058,8348.018,7823.789,101.16,498.26,1.526,0.655,0.742
"Quartz",162,21677.114,357.135,77.282,96.558,0.189,477.826,6361.233,7863.436,102.242,128.409,4.621,0.216,0.544
"Quartz",163,92064.663,393.549,297.855,57.423,0.628,421.552,5264.317,8176.211,34.354,315.923,1.321,0.757,0.881
"Quartz",164,37338.198,256.689,185.206,19.847,0.739,286.344,1537.445,8030.837,22.62,197.432,1.386,0.722,0.955
"Quartz",165,20765.006,204.625,129.206,80.761,0.66,219.072,2343.612,7925.11,105.154,135.614,1.584,0.631,0.888
"Quartz",166,1086.767,43.123,32.087,120.651,0.889,47.65,2947.137,7925.11,123.69,35.242,1.344,0.744,0.903
"Quartz",167,950.921,37.45,32.33,82.344,1,41.559,1237.885,7969.163,57.995,30.837,1.158,0.863,0.942
"Quartz",168,8829.979,172.253,65.268,115.318,0.609,181.26,7704.846,7933.921,115.942,75.712,2.639,0.379,0.872
"Quartz",169,15389.392,179.403,109.22,89.171,0.821,177.583,8607.93,7995.595,113.385,105.727,1.643,0.609,0.957
"Quartz",170,15253.547,205.914,94.318,55.628,0.641,210.948,7889.868,8185.022,61.294,106.71,2.183,0.458,0.839
"Quartz",171,57850.919,359.531,204.873,23.641,0.532,384.852,3308.37,8378.855,15.945,240.229,1.755,0.57,0.85
"Quartz",172,10712.414,185.794,73.412,179.251,0.686,176.322,1651.982,8167.401,167.005,70.485,2.531,0.395,0.941
"Quartz",173,3531.992,69.062,65.117,19.729,0.967,75.019,6546.256,8273.128,40.236,61.674,1.061,0.943,0.955
"Quartz",174,1804.809,55.188,41.639,136.279,0.943,59.918,1308.37,8237.885,143.973,45.332,1.325,0.754,0.916
"Quartz",175,7296.862,158.954,58.449,20.737,0.578,155.75,2198.238,8378.855,28.74,72.116,2.72,0.368,0.815
"Quartz",176,2639.29,77.41,43.411,57.081,0.806,81.943,7770.925,8361.233,53.746,47.309,1.783,0.561,0.913
"Quartz",177,3260.3,76.796,54.054,105.351,0.902,83.119,4621.145,8392.07,122.005,52.863,1.421,0.704,0.957
"Quartz",178,3512.585,88.39,50.598,60.179,0.789,90.817,603.524,8488.987,50.906,58.274,1.747,0.572,0.881
"Plagioclase",1,621.01,31.007,25.5,52.864,1,34.406,8158.59,171.806,39.806,26.432,1.216,0.822,0.889
"Plagioclase",2,141726.018,546.302,330.314,17.091,0.341,640.965,6101.322,444.934,19.68,443.944,1.654,0.605,0.729
"Plagioclase",3,92549.826,456.785,257.973,82.106,0.325,520.122,2814.978,718.062,79.261,320.086,1.771,0.565,0.732
"Plagioclase",4,174.659,14.913,14.913,0,1,18.69,1339.207,224.67,135,13.216,1,1,1
"Plagioclase",5,50728.716,355.734,181.568,21.375,0.505,394.538,1933.921,409.692,16.209,239.08,1.959,0.51,0.752
"Plagioclase",6,640.416,29.548,27.596,134.998,1,34.406,8215.859,251.101,129.806,26.432,1.071,0.934,0.957
"Plagioclase",7,349.318,23.27,19.113,90,1,25.687,1555.066,400.881,120.964,17.621,1.218,0.821,0.947
"Plagioclase",8,815.075,42.455,24.444,69.29,0.906,45.355,4052.863,524.229,60.945,26.432,1.737,0.576,0.913
"Plagioclase",9,155.252,15.371,12.86,0,1,18.163,5356.828,519.824,165.964,13.216,1.195,0.837,0.8
"Plagioclase",10,426905.238,939.251,578.709,51.686,0.51,1006.914,4312.775,1255.507,34.663,631.191,1.623,0.616,0.866
"Plagioclase",11,1397.271,58.909,30.2,10.301,0.804,61.359,110.132,568.282,21.038,30.837,1.951,0.513,0.929
"Plagioclase",12,11876.807,140.062,107.967,92.973,0.716,163.53,1140.969,726.872,85.365,123.313,1.297,0.771,0.886
"Plagioclase",13,4303460.187,2936.887,1865.695,18.477,0.052,5026.632,1907.489,1431.718,4.826,3575.244,1.574,0.635,0.354
"Plagioclase",14,388.131,24.854,19.883,90,1,28.208,3916.3,638.767,128.66,17.621,1.25,0.8,1
"Plagioclase",15,232.879,19.883,14.912,0,1,22.026,7281.938,757.709,143.13,13.216,1.333,0.75,1
"Plagioclase",16,174.659,14.913,14.913,0,1,18.69,7149.78,770.925,135,13.216,1,1,1
"Plagioclase",17,34116.711,277.702,156.422,169.218,0.486,333.087,4000,823.789,159.887,185.622,1.775,0.563,0.741
"Plagioclase",18,407.538,22.779,22.779,0,1,25.687,995.595,823.789,120.964,22.026,1,1,0.913
"Plagioclase",19,1086.767,43.677,31.681,40.691,0.967,47.65,4405.286,885.463,33.69,34.265,1.379,0.725,0.918
"Plagioclase",20,116.439,13.835,10.716,45,1,15.883,7096.916,898.678,33.69,12.46,1.291,0.775,0.8
"Plagioclase",21,41859.924,403.501,132.088,143.163,0.516,414.308,3127.753,977.974,144.958,158.842,3.055,0.327,0.855
"Plagioclase",22,349.318,23.27,19.113,0,1,25.687,2995.595,1101.322,149.036,17.621,1.218,0.821,0.947
"Plagioclase",23,6345.941,113.368,71.272,102.211,0.562,122.4,7017.621,1105.727,120.256,91.629,1.591,0.629,0.763
"Plagioclase",24,582.196,28.788,25.749,0,1,32.071,2555.066,1502.203,164.055,26.432,1.118,0.894,0.882
"Plagioclase",25,1222.613,60.808,25.6,81.988,0.766,59.918,6740.088,1568.282,72.897,26.432,2.375,0.421,0.913
"Plagioclase",26,9082.264,122.16,94.662,61.249,0.764,140.556,3273.128,1638.767,57.804,99.68,1.29,0.775,0.889
"Plagioclase",27,582.196,32.402,22.877,74.71,1,35.517,2167.401,1704.846,60.255,22.026,1.416,0.706,0.938
"Plagioclase",28,1028.547,46.308,28.28,98.96,0.841,49.253,466.96,1735.683,116.565,30.432,1.637,0.611,0.876
"Plagioclase",29,273166.566,1169.162,297.483,141.404,0.28,1226.767,5312.775,1929.515,145.682,426.655,3.93,0.254,0.683
"Plagioclase",30,314890.644,1196.904,334.973,121.084,0.285,1269.655,850.22,1823.789,127.387,446.82,3.573,0.28,0.655
"Plagioclase",31,853.888,40.37,26.931,57.646,0.949,44.053,6541.85,1845.815,53.13,29.563,1.499,0.667,0.917
"Plagioclase",32,7219.236,296.435,31.008,98.571,0.173,324.918,1678.414,1819.383,102.529,50.69,9.56,0.105,0.567
"Plagioclase",33,104717.732,483.095,275.993,125.395,0.66,531.6,4916.3,1955.947,124.875,314.162,1.75,0.571,0.917
"Plagioclase",34,931.514,49.999,23.721,162.935,0.829,51.563,180.617,2136.564,160.017,26.432,2.108,0.474,0.889
"Plagioclase",35,2678.104,82.149,41.508,178.061,0.848,81.229,6154.185,2180.617,12.529,39.648,1.979,0.505,0.945
"Plagioclase",36,834.482,42.528,24.984,113.157,0.867,45.355,2497.797,2158.59,119.055,27.877,1.702,0.587,0.869
"Plagioclase",37,232.879,18.751,15.813,0,0.931,22.463,1788.546,2167.401,168.69,17.621,1.186,0.843,0.8
"Plagioclase",38,1261.426,56.424,28.465,14.274,0.808,58.774,74.89,2189.427,12.995,30.837,1.982,0.504,0.897
"Plagioclase",39,15874.556,197.429,102.377,158.847,0.626,212.643,2008.811,2224.67,166.827,114.963,1.928,0.519,0.885
"Plagioclase",40,504.57,29.434,21.826,20.137,0.993,32.071,2308.37,2242.291,15.945,22.026,1.349,0.742,0.881
"Plagioclase",41,2387.005,108.523,28.005,84.026,0.29,133.328,96.916,2378.855,82.405,42.489,3.875,0.258,0.547
"Plagioclase",42,144423.528,549.446,334.675,57.488,0.301,732.762,308.37,3004.405,71.783,456.261,1.642,0.609,0.666
"Plagioclase",43,3454.366,113.014,38.918,126.099,0.533,119.837,2581.498,2365.639,126.027,49.793,2.904,0.344,0.784
"Plagioclase",44,194.065,18.11,13.644,2.6e-14,1,19.701,5176.211,2493.392,153.435,13.216,1.327,0.753,0.909
"Plagioclase",45,15467.019,186.233,105.745,118.237,0.669,202.835,1101.322,2511.013,124.38,122.816,1.761,0.568,0.869
"Plagioclase",46,116.439,13.835,10.716,135,1,15.883,4995.595,2621.145,123.69,12.46,1.291,0.775,0.8
"Plagioclase",47,174.659,14.913,14.913,0,1,18.69,5286.344,2647.577,135,13.216,1,1,1
"Plagioclase",48,12284.345,192.372,81.306,170.485,0.582,191.921,938.326,2704.846,170.754,102.698,2.366,0.423,0.809
"Plagioclase",49,310.505,21.327,18.537,165.128,1,24.92,13.216,2687.225,135,17.621,1.15,0.869,0.889
"Plagioclase",50,1699528.421,2199.913,983.633,51.885,0.156,2711.746,493.392,5066.079,57.472,1355.397,2.237,0.447,0.606
"Plagioclase",51,374080.615,1108.257,429.769,129.663,0.283,1311.637,5052.863,2806.167,139.086,538.847,2.579,0.388,0.701
"Plagioclase",52,271.692,23.98,14.426,7.161,1,25.687,7550.661,2819.383,30.964,13.216,1.662,0.602,0.966
"Plagioclase",53,1028.547,40.34,32.463,125.591,0.975,44.053,8268.722,2823.789,126.87,34.835,1.243,0.805,0.922
"Plagioclase",54,101127.52,541.568,237.753,152.742,0.529,549.726,563.877,2872.247,158.369,283.657,2.278,0.439,0.824
"Plagioclase",55,116.439,13.835,10.716,135,1,15.883,105.727,2881.057,123.69,12.46,1.291,0.775,0.8
"Plagioclase",56,155.252,15.371,12.86,0,1,18.163,193.833,2894.273,165.964,13.216,1.195,0.837,0.8
"Plagioclase",57,9528.615,192.944,62.88,63.124,0.577,195.13,74.89,3083.7,61.699,72.907,3.068,0.326,0.891
"Plagioclase",58,2328.786,102.53,28.919,32.591,0.53,103.968,8524.229,3039.648,36.384,37.154,3.545,0.282,0.757
"Plagioclase",59,426.944,24.469,22.216,45,1,28.208,8585.903,3101.322,38.66,22.026,1.101,0.908,0.936
"Plagioclase",60,232.879,19.883,14.912,90,1,22.026,158.59,3096.916,126.87,13.216,1.333,0.75,1
"Plagioclase",61,194.065,17.473,14.141,90,1,19.701,3810.573,3215.859,116.565,13.216,1.236,0.809,0.909
"Plagioclase",62,89134.274,509.227,222.866,152.784,0.655,497.349,3330.396,3484.581,147.295,228.591,2.285,0.438,0.945
"Plagioclase",63,1086.767,50.865,27.204,81.374,0.889,51.563,6004.405,3585.903,70.017,26.432,1.87,0.535,0.933
"Plagioclase",64,2018.281,78.303,32.818,67.88,0.649,80.99,872.247,3634.361,67.62,38.217,2.386,0.419,0.846
"Plagioclase",65,1455.491,83.117,22.296,78.077,0.408,91.985,5273.128,3660.793,73.301,30.593,3.728,0.268,0.694
"Plagioclase",66,1494.304,61.714,30.83,86.536,0.78,63.074,6581.498,3647.577,77.905,33.813,2.002,0.5,0.865
"Plagioclase",67,38.813,9.942,4.971,90,1,9.851,5810.573,3674.009,116.565,4.405,2,0.5,1
"Plagioclase",68,1051504.978,1590.122,841.959,126.881,0.206,1984.869,5308.37,3691.63,128.421,1097.608,1.889,0.529,0.713
"Plagioclase",69,155.252,15.371,12.86,90,0.914,18.163,4409.692,3713.656,104.036,13.216,1.195,0.837,0.8
"Plagioclase",70,388.131,24.854,19.883,90,1,28.208,3590.308,3828.194,128.66,17.621,1.25,0.8,1
"Plagioclase",71,344602.069,897.892,488.657,96.971,0.562,1013.455,6665.198,3841.41,100.773,533.264,1.837,0.544,0.839
"Plagioclase",72,83584.001,384.909,276.487,127.848,0.496,464.982,3563.877,3995.595,154.163,308.751,1.392,0.718,0.788
"Plagioclase",73,113489.491,451.009,320.391,118.328,0.318,609.014,2255.507,3982.379,104.237,347.949,1.408,0.71,0.676
"Plagioclase",74,748258.262,1031.929,923.234,3.596,0.145,1472.249,2414.097,5422.907,73.843,1195.291,1.118,0.895,0.6
"Plagioclase",75,4502.319,113.819,50.365,63.907,0.656,115.634,7488.987,4136.564,72.255,57.171,2.26,0.443,0.836
"Plagioclase",76,2134.72,78.965,34.42,2.648,0.721,81.229,5211.454,4074.89,12.529,35.242,2.294,0.436,0.905
"Plagioclase",77,679.229,39.276,22.019,103.027,0.87,41.559,6211.454,4189.427,122.005,22.026,1.784,0.561,0.933
"Plagioclase",78,9392.769,111.66,107.104,53.522,0.921,117.3,5030.837,4299.559,34.287,110.064,1.043,0.959,0.95
"Plagioclase",79,1164.393,41.81,35.459,63.024,0.936,45.355,3506.608,4286.344,60.945,37.63,1.179,0.848,0.889
"Plagioclase",80,1591.337,65.079,31.134,138.662,0.82,68.813,6396.476,4312.775,140.194,34.265,2.09,0.478,0.901
"Plagioclase",81,239826.117,652.125,468.248,110.426,0.295,816.596,4211.454,4325.991,102.462,491.451,1.393,0.718,0.76
"Plagioclase",82,1067.36,47.463,28.633,1.976,0.926,47.446,4013.216,4343.612,158.199,26.432,1.658,0.603,0.957
"Plagioclase",83,349.318,25.1,17.72,102.236,0.965,27.861,3118.943,4361.233,108.435,17.621,1.416,0.706,0.878
"Plagioclase",84,6753.479,107.586,79.925,47.93,0.834,110.132,4845.815,4466.96,53.13,85.796,1.346,0.743,0.904
"Plagioclase",85,252.285,19.204,16.727,76.224,1,22.026,4704.846,4422.907,126.87,17.621,1.148,0.871,0.897
"Plagioclase",86,368.724,26.526,17.698,18.435,0.944,29.552,5784.141,4528.634,26.565,17.621,1.499,0.667,0.905
"Plagioclase",87,81682.16,524.283,198.368,122.124,0.161,744.181,4497.797,4607.93,124.631,306.816,2.643,0.378,0.449
"Plagioclase",88,38716.063,255.379,193.026,9.308,0.766,270.773,964.758,4845.815,158.025,189.664,1.323,0.756,0.936
"Plagioclase",89,3726.057,174.922,27.122,74.176,0.306,176.926,1744.493,5127.753,71.114,35.124,6.45,0.155,0.743
"Plagioclase",90,218886.452,963.414,289.279,85.509,0.381,961.574,422.907,6008.811,78.639,377.014,3.33,0.3,0.758
"Plagioclase",91,5511.46,111.98,62.667,177.843,0.842,113.26,1035.242,5092.511,166.504,61.674,1.787,0.56,0.948
"Plagioclase",92,68136.389,435.411,199.246,105.283,0.279,487.377,5149.78,5096.916,102.529,289.644,2.185,0.458,0.664
"Plagioclase",93,2872751.266,2387.242,1532.187,49.488,0.118,3142.399,1361.233,7638.767,42.728,2096.969,1.558,0.642,0.595
"Plagioclase",94,562.79,40.686,17.612,50.696,0.767,41.559,1704.846,5189.427,57.995,21.159,2.31,0.433,0.795
"Plagioclase",95,9936.152,121.054,104.508,71.079,0.928,126.225,4171.806,5273.128,60.751,105.727,1.158,0.863,0.955
"Plagioclase",96,1824.215,54.498,42.619,70.142,0.953,57.438,3982.379,5268.722,57.529,44.053,1.279,0.782,0.913
"Plagioclase",97,1824.215,78.918,29.431,86.635,0.704,76.935,3911.894,5295.154,76.759,30.837,2.681,0.373,0.904
"Plagioclase",98,621.01,44.425,17.798,77.758,0.69,45.993,7273.128,5268.722,73.301,20.78,2.496,0.401,0.831
"Plagioclase",99,100254.226,566.88,225.176,166.868,0.304,688.184,4035.242,5299.559,161.333,307.45,2.517,0.397,0.698
"Plagioclase",100,1047.954,37.49,35.59,140.723,1,41.559,3074.89,5242.291,122.005,35.242,1.053,0.949,0.931
"Plagioclase",101,600846.125,1372.921,557.221,101.839,0.225,1652.734,5559.471,5290.749,101.22,988.537,2.464,0.406,0.557
"Plagioclase",102,2736.323,63.438,54.92,89.825,0.928,67.388,3964.758,5317.181,101.31,57.269,1.155,0.866,0.907
"Plagioclase",103,2522.851,80.109,40.098,61.961,0.736,81.943,6383.26,5405.286,53.746,47.287,1.998,0.501,0.87
"Plagioclase",104,2445.225,74.563,41.755,100.248,0.663,82.298,3867.841,5356.828,105.524,48.458,1.786,0.56,0.813
"Plagioclase",105,20260.436,231.612,111.378,130.669,0.626,244.959,3955.947,5431.718,127.694,127.49,2.08,0.481,0.867
"Plagioclase",106,10964.699,131.777,105.942,4.954,0.903,133.982,3775.33,5519.824,170.538,105.727,1.244,0.804,0.954
"Plagioclase",107,2231.753,68.92,41.23,151.091,0.71,74.89,6515.419,5629.956,151.928,51.144,1.672,0.598,0.827
"Plagioclase",108,2289.973,80.299,36.31,46.191,0.756,84.163,6612.335,5674.009,42.879,40.495,2.211,0.452,0.894
"Plagioclase",109,1397.271,50.527,35.21,137.511,0.965,53.773,5308.37,5629.956,145.008,37.38,1.435,0.697,0.906
"Plagioclase",110,1106.173,90.315,15.595,174.208,0.354,89.091,1515.419,5638.767,171.469,20.174,5.791,0.173,0.699
"Plagioclase",111,1692231.559,1712.839,1257.921,121.696,0.085,2743.111,4083.7,5665.198,106.514,1834.951,1.362,0.734,0.512
"Plagioclase",112,271.692,18.783,18.417,90,1,22.026,1096.916,5700.441,126.87,17.621,1.02,0.981,0.933
"Plagioclase",113,120572.881,418.672,366.678,56.12,0.368,548.383,6259.912,6189.427,43.698,459.441,1.142,0.876,0.664
"Plagioclase",114,795.668,47.663,21.255,68.726,0.789,49.253,1017.621,5942.731,63.435,25.082,2.242,0.446,0.872
"Plagioclase",115,97.033,16.887,7.316,135,0.873,18.69,960.352,6035.242,135,9.345,2.308,0.433,0.769
"Plagioclase",116,504.57,35.642,18.025,5.31,0.876,36.327,1110.132,6074.89,165.964,17.621,1.977,0.506,0.897
"Plagioclase",117,41627.045,268.247,197.583,154.923,0.114,500.422,515.419,6202.643,153.886,311.978,1.358,0.737,0.418
"Plagioclase",118,1552.524,55.25,35.778,146.269,0.695,62.611,995.595,6088.106,129.289,42.382,1.544,0.648,0.788
"Plagioclase",119,19.407,4.971,4.971,0,1,6.23,1079.295,6088.106,135,4.405,1,1,1
"Plagioclase",120,3784.277,92.283,52.212,15.807,0.751,98.996,207.048,6185.022,20.854,57.149,1.767,0.566,0.903
"Plagioclase",121,1416.678,51.139,35.272,52.174,0.956,56.415,356.828,6202.643,51.34,37.38,1.45,0.69,0.948
"Plagioclase",122,1106.173,41.368,34.046,105.502,0.985,45.355,784.141,6176.211,119.055,35.242,1.215,0.823,0.905
"Plagioclase",123,2891.576,93.36,39.435,116.69,0.527,107.276,3427.313,6418.502,109.179,53.608,2.367,0.422,0.745
"Plagioclase",124,1843.622,90.298,25.996,89.81,0.455,94.174,3515.419,6541.85,79.216,35.242,3.474,0.288,0.748
"Plagioclase",125,368.724,24.449,19.202,102.821,1,28.208,3273.128,6568.282,128.66,17.621,1.273,0.785,0.974
"Plagioclase",126,11818.588,183.797,81.873,73.264,0.378,232.146,5290.749,6792.952,56.611,113.814,2.245,0.445,0.632
"Plagioclase",127,368.724,23.351,20.105,135,1,25.687,3273.128,6612.335,120.964,21.805,1.161,0.861,0.884
"Plagioclase",128,1436.085,51.696,35.37,166.473,0.776,57.438,3295.154,6656.388,147.529,38.278,1.462,0.684,0.841
"Plagioclase",129,174.659,14.913,14.913,0,1,18.69,6343.612,6704.846,135,13.216,1,1,1
"Plagioclase",130,245861.554,667.973,468.642,129.367,0.193,916.649,6365.639,6770.925,122.239,599.433,1.425,0.702,0.615
"Plagioclase",131,1494.304,65.249,29.159,88.161,0.802,64.142,4533.04,6916.3,74.055,26.432,2.238,0.447,0.962
"Plagioclase",132,19.407,4.971,4.971,0,1,6.23,6277.533,6894.273,135,4.405,1,1,1
"Plagioclase",133,718.042,35.852,25.5,127.497,0.948,40.615,6185.022,6951.542,130.601,28.035,1.406,0.711,0.902
"Plagioclase",134,1261.426,56.088,28.636,17.681,0.808,59.103,5907.489,7092.511,26.565,32.064,1.959,0.511,0.884
"Plagioclase",135,2115.314,68.154,39.518,81.363,0.865,69.654,5273.128,7132.159,71.565,39.648,1.725,0.58,0.928
"Plagioclase",136,1610.743,63.879,32.105,132.874,0.858,66.079,5396.476,7070.485,126.87,34.265,1.99,0.503,0.897
"Plagioclase",137,1901.842,51.022,47.46,133.398,0.993,55.198,6171.806,7070.485,118.61,48.458,1.075,0.93,0.933
"Plagioclase",138,6442.974,122.987,66.702,173.596,0.628,124.6,8277.533,7123.348,8.13,73.304,1.844,0.542,0.852
"Plagioclase",139,2445.225,91.551,34.007,15.016,0.632,90.817,5493.392,7132.159,22.834,38.926,2.692,0.371,0.857
"Plagioclase",140,523.977,31.452,21.211,37.844,0.967,34.406,6101.322,7180.617,39.806,23.655,1.483,0.674,0.885
"Plagioclase",141,2833.356,70.043,51.505,42.129,0.911,75.019,5409.692,7251.101,40.236,56.07,1.36,0.735,0.921
"Plagioclase",142,41122.475,304.508,171.946,7.185,0.7,323.061,449.339,7295.154,174.523,196.691,1.771,0.565,0.905
"Plagioclase",143,1455.491,45.619,40.623,158.459,1,49.253,7722.467,7264.317,153.435,43.356,1.123,0.89,0.909
"Plagioclase",144,97.033,13.852,8.919,161.565,1,15.883,5964.758,7281.938,146.31,8.811,1.553,0.644,0.909
"Plagioclase",145,1028.547,40.568,32.281,77.668,0.957,43.387,5286.344,7392.07,66.038,35.242,1.257,0.796,0.891
"Plagioclase",146,28488.812,359.069,101.02,138.34,0.259,456.389,6220.264,7387.665,143.241,142.633,3.554,0.281,0.588
"Plagioclase",147,19620.02,268.376,93.082,139.657,0.506,299.365,6101.322,7453.744,147.011,105.885,2.883,0.347,0.84
"Plagioclase",148,2484.038,94.035,33.634,149.879,0.57,96.716,6471.366,7497.797,149.931,42.165,2.796,0.358,0.762
"Plagioclase",149,197228.745,858.796,292.409,85.79,0.496,871.245,361.233,8378.855,80.395,324.862,2.937,0.34,0.864
"Plagioclase",150,795.668,36.912,27.445,75.012,0.997,40.615,233.48,7577.093,49.399,26.432,1.345,0.744,0.932
"Plagioclase",151,194.065,18.11,13.644,2.6e-14,1,19.701,995.595,7559.471,153.435,13.216,1.327,0.753,0.909
"Plagioclase",152,1571.93,68.063,29.406,96.857,0.576,76.935,5264.317,7599.119,103.241,35.242,2.315,0.432,0.802
"Plagioclase",153,1494.304,75.993,25.037,32.461,0.493,79.417,5352.423,7674.009,33.69,35.975,3.035,0.329,0.697
"Plagioclase",154,3939.529,119.607,41.937,10.279,0.572,119.675,5951.542,7740.088,6.34,49.216,2.852,0.351,0.79
"Plagioclase",155,54687.652,325.791,213.727,117.78,0.534,370.385,6995.595,7718.062,116.87,264.537,1.524,0.656,0.805
"Plagioclase",156,815.075,37.07,27.995,98.649,1,39.402,303.965,7722.467,116.565,26.432,1.324,0.755,0.944
"Plagioclase",157,5977.217,110.698,68.749,69.088,0.748,124.132,814.978,7850.22,62.526,76.85,1.61,0.621,0.915
"Plagioclase",158,388.131,24.854,19.883,90,1,28.208,8625.551,7753.304,128.66,17.621,1.25,0.8,1
"Plagioclase",159,1474.898,76.57,24.525,25.279,0.469,80.99,6118.943,7806.167,22.38,31.562,3.122,0.32,0.707
"Plagioclase",160,310.505,21.327,18.537,75.128,1,24.92,4303.965,7863.436,45,17.621,1.15,0.869,0.889
"Plagioclase",161,251081.915,596.221,536.19,112.777,0.332,710.331,6066.079,8497.797,66.615,587.816,1.112,0.899,0.797
"Plagioclase",162,892.701,40.523,28.049,35.326,0.972,44.053,4814.978,7898.678,36.87,31.15,1.445,0.692,0.885
"Plagioclase",163,90162.821,548.036,209.473,164.323,0.302,578.453,814.978,7933.921,157.145,296.865,2.616,0.382,0.661
"Plagioclase",164,41743.484,280.272,189.635,135.095,0.592,339.321,5616.74,8057.269,119.56,196.294,1.478,0.677,0.849
"Plagioclase",165,194.065,17.473,14.141,90,1,19.701,656.388,8132.159,116.565,13.216,1.236,0.809,0.909
"Plagioclase",166,12381.377,141.971,111.04,9.492,0.647,164.948,5171.806,8348.018,34.114,127.651,1.279,0.782,0.822
"Plagioclase",167,485.164,42.325,14.595,26.651,0.641,45.355,193.833,8325.991,29.055,17.747,2.9,0.345,0.833
"Plagioclase",168,2348.192,72.067,41.486,31.399,0.747,75.791,625.551,8405.286,35.538,48.322,1.737,0.576,0.834
"Plagioclase",169,271.692,19.723,17.539,180,1,22.026,4466.96,8383.26,126.87,17.621,1.125,0.889,0.933
"Plagioclase",170,776.262,36.969,26.735,83.176,0.973,39.402,4400.881,8444.934,63.435,26.432,1.383,0.723,0.92
"Plagioclase",171,271.692,19.723,17.539,180,1,22.026,678.414,8449.339,126.87,17.621,1.125,0.889,0.933
